year,municipality_code,municipality_name,uf_sigla,uf_name,mesoregion_name,microregion_name,immediate_region_name,intermediate_region_name,count_male_white,count_female_black,actual_gap,sex_only_gap,race_only_gap,naive_additive_gap,invisibility_index,invisibility_pct
2010,330010,Angra dos Reis,RJ,Rio de Janeiro,Sul Fluminense,Baía da Ilha Grande,Angra dos Reis,Rio de Janeiro,22820.0,717.0,1183.8835017950191,1056.09048704666,19.300034261414567,1075.3905213080745,108.49298048694459,9.1641601831976
2010,330015,Aperibé,RJ,Rio de Janeiro,Noroeste Fluminense,Santo Antônio de Pádua,Santo Antônio de Pádua,Campos dos Goytacazes,641.0,13.0,240.39711508460346,131.8422862832267,38.967937844634776,170.8102241278615,69.58689095674197,28.946641448776166
2010,330020,Araruama,RJ,Rio de Janeiro,Baixadas,Lagos,Cabo Frio,Macaé - Rio das Ostras - Cabo Frio,7392.0,471.0,308.50946802533986,134.74395598326691,126.84870005433868,261.5926560376056,46.91681198773426,15.20757605529328
2010,330022,Areal,RJ,Rio de Janeiro,Centro Fluminense,Três Rios,Petrópolis,Petrópolis,1919.0,517.0,338.4576243268224,-158.29326832678976,497.6206182889275,339.32734996213776,-0.8697256353153762,-0.25696736394850694
2010,330023,Armação dos Búzios,RJ,Rio de Janeiro,Baixadas,Lagos,Cabo Frio,Macaé - Rio das Ostras - Cabo Frio,3373.0,511.0,235.32982624769159,91.14881249558289,130.70625054175719,221.85506303734007,13.474763210351512,5.725905392106535
2010,330025,Arraial do Cabo,RJ,Rio de Janeiro,Baixadas,Lagos,Cabo Frio,Macaé - Rio das Ostras - Cabo Frio,1514.0,124.0,356.34312758341514,276.52405160904516,86.20689689610606,362.7309485051512,-6.387820921736079,-1.7926039334772288
2010,330030,Barra do Piraí,RJ,Rio de Janeiro,Sul Fluminense,Barra do Piraí,Volta Redonda - Barra Mansa,Volta Redonda - Barra Mansa,6607.0,1057.0,560.0465144032469,275.141198603239,265.8031116414643,540.9443102447033,19.1022041585436,3.4108245774724266
2010,330040,Barra Mansa,RJ,Rio de Janeiro,Sul Fluminense,Vale do Paraíba Fluminense,Volta Redonda - Barra Mansa,Volta Redonda - Barra Mansa,18339.0,1516.0,567.0973046530879,327.98761531656953,242.87949160549658,570.8671069220661,-3.7698022689781965,-0.6647540445081658
2010,330045,Belford Roxo,RJ,Rio de Janeiro,Metropolitana do Rio de Janeiro,Rio de Janeiro,Rio de Janeiro,Rio de Janeiro,10792.0,717.0,666.3128587605055,411.2326266163311,294.8970268093151,706.1296534256462,-39.81679466514072,-5.975690569623566
2010,330050,Bom Jardim,RJ,Rio de Janeiro,Centro Fluminense,Nova Friburgo,Nova Friburgo,Petrópolis,2743.0,162.0,287.4676839587188,148.45952143300724,153.30621339646882,301.76573482947606,-14.298050870757265,-4.9737941579584675
2010,330060,Bom Jesus do Itabapoana,RJ,Rio de Janeiro,Noroeste Fluminense,Itaperuna,Itaperuna,Campos dos Goytacazes,3250.0,279.0,212.34974093189965,6.778104585578944,185.6545176948556,192.43262228043454,19.917118651465103,9.379393901804901
2010,330070,Cabo Frio,RJ,Rio de Janeiro,Baixadas,Lagos,Cabo Frio,Macaé - Rio das Ostras - Cabo Frio,14147.0,977.0,332.06187546770025,152.56894861266994,170.4381181640274,323.00706677669734,9.054808691002904,2.726843808326219
2010,330080,Cachoeiras de Macacu,RJ,Rio de Janeiro,Metropolitana do Rio de Janeiro,Macacu-Caceribu,Rio Bonito,Rio de Janeiro,3718.0,105.0,310.47388357796035,381.75800163204246,-193.94978745255844,187.80821417948403,122.66566939847633,39.50917480879671
2010,330090,Cambuci,RJ,Rio de Janeiro,Noroeste Fluminense,Santo Antônio de Pádua,Santo Antônio de Pádua,Campos dos Goytacazes,456.0,46.0,341.1263663234172,-44.199652339886256,297.14470918062216,252.9450568407359,88.18130948268129,25.850042150971646
2010,330093,Carapebus,RJ,Rio de Janeiro,Norte Fluminense,Macaé,Macaé - Rio das Ostras,Macaé - Rio das Ostras - Cabo Frio,124.0,8.0,378.65463709677397,248.9374510031647,399.2133426391215,648.1507936422862,-269.49615654551224,-71.17202066025042
2010,330095,Comendador Levy Gasparian,RJ,Rio de Janeiro,Centro Fluminense,Três Rios,Três Rios - Paraíba do Sul,Petrópolis,948.0,339.0,444.1247081886413,-48.07030845133522,484.99853723971637,436.92822878838115,7.196479400260159,1.6203735724614234
2010,330100,Campos dos Goytacazes,RJ,Rio de Janeiro,Norte Fluminense,Campos dos Goytacazes,Campos dos Goytacazes,Campos dos Goytacazes,47729.0,3043.0,235.0743885200062,40.64844562719088,192.75290958984579,233.40135521703667,1.673033302969543,0.711703777473469
2010,330110,Cantagalo,RJ,Rio de Janeiro,Centro Fluminense,Cantagalo-Cordeiro,Nova Friburgo,Petrópolis,1969.0,111.0,727.825848901212,473.43926358226975,407.9701944595821,881.4094580418518,-153.58360914063985,-21.101697524552442
2010,330115,Cardoso Moreira,RJ,Rio de Janeiro,Norte Fluminense,Campos dos Goytacazes,Campos dos Goytacazes,Campos dos Goytacazes,381.0,5.0,9.248551181102243,-41.78180437926062,99.28173076923076,57.49992638997014,-48.2513752088679,-521.7182049817807
2010,330120,Carmo,RJ,Rio de Janeiro,Centro Fluminense,Cantagalo-Cordeiro,Nova Friburgo,Petrópolis,965.0,96.0,204.56680386442133,99.83313651970889,134.78394704689788,234.61708356660677,-30.050279702185435,-14.689714623542516
2010,330130,Casimiro de Abreu,RJ,Rio de Janeiro,Baixadas,Bacia de São João,Macaé - Rio das Ostras,Macaé - Rio das Ostras - Cabo Frio,2334.0,149.0,547.024535779806,379.8188461865103,229.5800193843778,609.3988655708881,-62.37432979108212,-11.402473876636071
2010,330140,Conceição de Macabu,RJ,Rio de Janeiro,Norte Fluminense,Macaé,Macaé - Rio das Ostras,Macaé - Rio das Ostras - Cabo Frio,649.0,46.0,215.52184129429884,81.27359046402398,183.46930041029714,264.7428908743211,-49.22104958002228,-22.838079558168808
2010,330150,Cordeiro,RJ,Rio de Janeiro,Centro Fluminense,Cantagalo-Cordeiro,Nova Friburgo,Petrópolis,2167.0,202.0,330.3452641558573,336.117071582957,-46.3586080505994,289.7584635323576,40.5868006234997,12.286176018661129
2010,330160,Duas Barras,RJ,Rio de Janeiro,Centro Fluminense,Nova Friburgo,Nova Friburgo,Petrópolis,713.0,35.0,141.55733039471056,24.598618586105317,95.7481169919447,120.34673557805002,21.210594816660546,14.98374881577528
2010,330170,Duque de Caxias,RJ,Rio de Janeiro,Metropolitana do Rio de Janeiro,Rio de Janeiro,Rio de Janeiro,Rio de Janeiro,62295.0,7689.0,899.3461841569339,511.95463697550963,386.20816572678837,898.162802702298,1.183381454635878,0.13158241792566283
2010,330180,Engenheiro Paulo de Frontin,RJ,Rio de Janeiro,Metropolitana do Rio de Janeiro,Vassouras,Volta Redonda - Barra Mansa,Volta Redonda - Barra Mansa,464.0,69.0,244.01308908045985,84.84522867353712,194.40588573425237,279.2511144077895,-35.23802532732964,-14.44103898693336
2010,330185,Guapimirim,RJ,Rio de Janeiro,Metropolitana do Rio de Janeiro,Rio de Janeiro,Rio de Janeiro,Rio de Janeiro,2065.0,88.0,308.5314429341845,203.72107334553937,82.50863538155465,286.229708727094,22.301734207090476,7.228350535361108
2010,330187,Iguaba Grande,RJ,Rio de Janeiro,Baixadas,Lagos,Cabo Frio,Macaé - Rio das Ostras - Cabo Frio,773.0,32.0,191.19819332147483,71.06637964109677,82.29037846277026,153.35675810386704,37.841435217607795,19.79173263106224
2010,330190,Itaboraí,RJ,Rio de Janeiro,Metropolitana do Rio de Janeiro,Rio de Janeiro,Rio de Janeiro,Rio de Janeiro,16102.0,662.0,520.0556636074933,516.2269809696056,-5.8004716601021755,510.42650930950344,9.629154297989885,1.851562240702255
2010,330200,Itaguaí,RJ,Rio de Janeiro,Metropolitana do Rio de Janeiro,Itaguaí,Rio de Janeiro,Rio de Janeiro,13018.0,805.0,1002.6428415819854,479.4761245532886,537.0062344729879,1016.4823590262765,-13.839517444291118,-1.3803038200975848
2010,330205,Italva,RJ,Rio de Janeiro,Noroeste Fluminense,Itaperuna,Campos dos Goytacazes,Campos dos Goytacazes,628.0,26.0,282.88112689857917,155.23562996365592,104.56071575473777,259.7963457183937,23.084781180185473,8.160594322173361
2010,330210,Itaocara,RJ,Rio de Janeiro,Noroeste Fluminense,Santo Antônio de Pádua,Santo Antônio de Pádua,Campos dos Goytacazes,1107.0,110.0,280.97643467192256,136.85732704174234,167.90261378925095,304.7599408309933,-23.783506159070726,-8.464591056129365
2010,330220,Itaperuna,RJ,Rio de Janeiro,Noroeste Fluminense,Itaperuna,Itaperuna,Campos dos Goytacazes,9420.0,956.0,336.4369847693415,109.31343252600868,227.51794180834202,336.8313743343507,-0.39438956500919176,-0.11722538925962081
2010,330225,Itatiaia,RJ,Rio de Janeiro,Sul Fluminense,Vale do Paraíba Fluminense,Resende,Volta Redonda - Barra Mansa,2506.0,163.0,1008.2164121690762,767.0779160549182,495.1427560358303,1262.2206720907484,-254.0042599216722,-25.1934264167757
2010,330227,Japeri,RJ,Rio de Janeiro,Metropolitana do Rio de Janeiro,Rio de Janeiro,Rio de Janeiro,Rio de Janeiro,1154.0,113.0,470.90308883299326,83.83000996734108,277.5935467544592,361.4235567218003,109.47953211119295,23.248845613331724
2010,330230,Laje do Muriaé,RJ,Rio de Janeiro,Noroeste Fluminense,Itaperuna,Itaperuna,Campos dos Goytacazes,226.0,21.0,219.21527391487564,-20.090501278525608,173.80876689976697,153.71826562124136,65.49700829363428,29.87794012887427
2010,330240,Macaé,RJ,Rio de Janeiro,Norte Fluminense,Macaé,Macaé - Rio das Ostras,Macaé - Rio das Ostras - Cabo Frio,55119.0,3345.0,3264.155649202374,2001.3090932749328,1432.2963974411027,3433.6054907160355,-169.44984151366134,-5.191230435199006
2010,330245,Macuco,RJ,Rio de Janeiro,Centro Fluminense,Cantagalo-Cordeiro,Nova Friburgo,Petrópolis,593.0,35.0,314.97657431944117,72.1505627152352,231.09140303055494,303.24196574579014,11.73460857365103,3.7255496219061963
2010,330250,Magé,RJ,Rio de Janeiro,Metropolitana do Rio de Janeiro,Rio de Janeiro,Rio de Janeiro,Rio de Janeiro,7358.0,650.0,408.22468197879857,549.1994875479782,-47.199963323669635,501.9995242243085,-93.77484224550994,-22.97137982714632
2010,330260,Mangaratiba,RJ,Rio de Janeiro,Metropolitana do Rio de Janeiro,Itaguaí,Rio de Janeiro,Rio de Janeiro,2378.0,137.0,546.1691141424126,321.4244070522534,253.74395192146346,575.1683589737169,-28.99924483130428,-5.309572453000845
2010,330270,Maricá,RJ,Rio de Janeiro,Metropolitana do Rio de Janeiro,Rio de Janeiro,Rio de Janeiro,Rio de Janeiro,6125.0,119.0,145.60226477791105,79.258031003523,52.93532799395746,132.19335899748046,13.408905780430587,9.209270062442613
2010,330280,Mendes,RJ,Rio de Janeiro,Metropolitana do Rio de Janeiro,Vassouras,Volta Redonda - Barra Mansa,Volta Redonda - Barra Mansa,597.0,85.0,230.3282930337965,128.2872127611197,131.3906234920637,259.6778362531834,-29.349543219386874,-12.742482841689085
2010,330285,Mesquita,RJ,Rio de Janeiro,Metropolitana do Rio de Janeiro,Rio de Janeiro,Rio de Janeiro,Rio de Janeiro,4713.0,320.0,341.47568784479085,271.22073317140496,79.14925925851344,350.3699924299184,-8.894304585127543,-2.6046670090229744
2010,330290,Miguel Pereira,RJ,Rio de Janeiro,Metropolitana do Rio de Janeiro,Vassouras,Valença,Volta Redonda - Barra Mansa,1335.0,174.0,330.1739678419217,195.27546370525272,208.02009330718636,403.2955570124391,-73.12158917051738,-22.146382299141766
2010,330300,Miracema,RJ,Rio de Janeiro,Noroeste Fluminense,Santo Antônio de Pádua,Santo Antônio de Pádua,Campos dos Goytacazes,1085.0,125.0,208.48748202764978,6.684395712846936,179.6215522264239,186.30594793927082,22.181534088378953,10.639264224716005
2010,330310,Natividade,RJ,Rio de Janeiro,Noroeste Fluminense,Itaperuna,Itaperuna,Campos dos Goytacazes,532.0,33.0,378.37659888357246,44.17272012362628,283.2799522805018,327.45267240412807,50.92392647944439,13.458529578652358
2010,330320,Nilópolis,RJ,Rio de Janeiro,Metropolitana do Rio de Janeiro,Rio de Janeiro,Rio de Janeiro,Rio de Janeiro,6444.0,801.0,342.71170357932476,173.92290663045333,131.0700201880561,304.99292681850943,37.71877676081533,11.005978601511304
2010,330330,Niterói,RJ,Rio de Janeiro,Metropolitana do Rio de Janeiro,Rio de Janeiro,Rio de Janeiro,Rio de Janeiro,91681.0,5946.0,685.445815160916,384.7366246722099,239.6714819227891,624.408106594999,61.037708565917,8.904818909950995
2010,330340,Nova Friburgo,RJ,Rio de Janeiro,Centro Fluminense,Nova Friburgo,Nova Friburgo,Petrópolis,31114.0,2093.0,271.9874194754914,155.13150869066817,105.60682565179263,260.7383343424608,11.249085133030576,4.135884356241052
2010,330350,Nova Iguaçu,RJ,Rio de Janeiro,Metropolitana do Rio de Janeiro,Rio de Janeiro,Rio de Janeiro,Rio de Janeiro,30326.0,4014.0,468.8510901756797,248.08249516389742,195.2542355051968,443.3367306690942,25.514359506585492,5.441889768673716
2010,330360,Paracambi,RJ,Rio de Janeiro,Metropolitana do Rio de Janeiro,Vassouras,Rio de Janeiro,Rio de Janeiro,1953.0,151.0,294.80875511608906,154.74864542089006,117.99276313074836,272.7414085516384,22.067346564450645,7.485309096658618
2010,330370,Paraíba do Sul,RJ,Rio de Janeiro,Centro Fluminense,Três Rios,Três Rios - Paraíba do Sul,Petrópolis,2783.0,529.0,393.16825571404,170.288896922665,249.03797934470856,419.32687626737356,-26.15862055333355,-6.65328906216663
2010,330380,Paraty,RJ,Rio de Janeiro,Sul Fluminense,Baía da Ilha Grande,Angra dos Reis,Rio de Janeiro,2798.0,134.0,121.07539308461264,169.5826198813728,-43.164489500954346,126.41813038041846,-5.342737295805819,-4.412735866215265
2010,330385,Paty do Alferes,RJ,Rio de Janeiro,Metropolitana do Rio de Janeiro,Vassouras,Valença,Volta Redonda - Barra Mansa,1130.0,90.0,158.19117895771888,66.58195557555291,94.29948261411243,160.88143818966535,-2.69025923194647,-1.700637955714028
2010,330390,Petrópolis,RJ,Rio de Janeiro,Metropolitana do Rio de Janeiro,Serrana,Petrópolis,Petrópolis,43875.0,2365.0,390.8056024179782,218.66036123043546,174.69977580379066,393.3601370342261,-2.5545346162479063,-0.6536586477887172
2010,330395,Pinheiral,RJ,Rio de Janeiro,Sul Fluminense,Vale do Paraíba Fluminense,Volta Redonda - Barra Mansa,Volta Redonda - Barra Mansa,1023.0,102.0,266.2336182508195,147.5198359310309,125.49713717272448,273.0169731037554,-6.783354852935872,-2.5478956780526687
2010,330400,Piraí,RJ,Rio de Janeiro,Sul Fluminense,Vale do Paraíba Fluminense,Volta Redonda - Barra Mansa,Volta Redonda - Barra Mansa,2652.0,246.0,791.3171588860683,370.086640048606,427.49668453744187,797.5833245860479,-6.266165699979524,-0.7918652628233618
2010,330410,Porciúncula,RJ,Rio de Janeiro,Noroeste Fluminense,Itaperuna,Itaperuna,Campos dos Goytacazes,442.0,30.0,284.7420965309201,-0.40959826597486426,228.66842261904753,228.25882435307267,56.483272177847425,19.83664265522956
2010,330411,Porto Real,RJ,Rio de Janeiro,Sul Fluminense,Vale do Paraíba Fluminense,Resende,Volta Redonda - Barra Mansa,6906.0,215.0,1555.3871045669762,416.27286871665933,1170.3076386619257,1586.580507378585,-31.19340281160885,-2.005507356979996
2010,330412,Quatis,RJ,Rio de Janeiro,Sul Fluminense,Vale do Paraíba Fluminense,Resende,Volta Redonda - Barra Mansa,722.0,55.0,262.51135708889444,222.5342449752112,66.38898871605454,288.92323369126575,-26.411876602371308,-10.061231976880693
2010,330414,Queimados,RJ,Rio de Janeiro,Metropolitana do Rio de Janeiro,Rio de Janeiro,Rio de Janeiro,Rio de Janeiro,3881.0,287.0,485.553314728145,376.30152634321405,105.99783187795606,482.2993582211701,3.2539565069748733,0.6701543184391031
2010,330415,Quissamã,RJ,Rio de Janeiro,Norte Fluminense,Macaé,Macaé - Rio das Ostras,Macaé - Rio das Ostras - Cabo Frio,1531.0,64.0,203.18854751796198,-166.85829703344848,375.5384651130861,208.6801680796376,-5.4916205616756315,-2.702721501166383
2010,330420,Resende,RJ,Rio de Janeiro,Sul Fluminense,Vale do Paraíba Fluminense,Resende,Volta Redonda - Barra Mansa,14146.0,1132.0,1157.266555113783,666.513474724853,509.2574159525557,1175.7708906774087,-18.504335563625773,-1.598969181461087
2010,330430,Rio Bonito,RJ,Rio de Janeiro,Metropolitana do Rio de Janeiro,Macacu-Caceribu,Rio Bonito,Rio de Janeiro,12406.0,1346.0,311.31266523004865,139.3579499704664,187.68589890473652,327.0438488752029,-15.73118364515426,-5.053178171703837
2010,330440,Rio Claro,RJ,Rio de Janeiro,Sul Fluminense,Vale do Paraíba Fluminense,Volta Redonda - Barra Mansa,Volta Redonda - Barra Mansa,679.0,27.0,428.1017831233296,323.5198034771548,109.6084518409084,433.1282553180632,-5.026472194733628,-1.1741301701809492
2010,330450,Rio das Flores,RJ,Rio de Janeiro,Sul Fluminense,Barra do Piraí,Valença,Volta Redonda - Barra Mansa,957.0,230.0,1362.089577802008,341.9236754663973,1182.4746700128226,1524.3983454792199,-162.3087676772118,-11.916159577340576
2010,330452,Rio das Ostras,RJ,Rio de Janeiro,Baixadas,Bacia de São João,Macaé - Rio das Ostras,Macaé - Rio das Ostras - Cabo Frio,8858.0,381.0,1152.2668271278121,895.5396974845839,394.527898218623,1290.067595703207,-137.80076857539484,-11.959102295679441
2010,330455,Rio de Janeiro,RJ,Rio de Janeiro,Metropolitana do Rio de Janeiro,Rio de Janeiro,Rio de Janeiro,Rio de Janeiro,876240.0,90726.0,1347.7294504146998,386.01070741102285,948.237560095117,1334.2482675061399,13.481182908559958,1.0002885152069478
2010,330460,Santa Maria Madalena,RJ,Rio de Janeiro,Centro Fluminense,Santa Maria Madalena,Nova Friburgo,Petrópolis,1339.0,38.0,635.9908673008138,528.8301876457131,155.49363379658735,684.3238214423004,-48.33295414148665,-7.599630219002174
2010,330470,Santo Antônio de Pádua,RJ,Rio de Janeiro,Noroeste Fluminense,Santo Antônio de Pádua,Santo Antônio de Pádua,Campos dos Goytacazes,3632.0,237.0,237.56305831660438,80.90169907793961,117.5452076827653,198.4469067607049,39.11615155589948,16.46558679328362
2010,330475,São Francisco de Itabapoana,RJ,Rio de Janeiro,Norte Fluminense,Campos dos Goytacazes,Campos dos Goytacazes,Campos dos Goytacazes,1895.0,73.0,300.736825170781,111.48592206958654,185.24110692381578,296.7270289934023,4.009796177378689,1.3333239702526039
2010,330480,São Fidélis,RJ,Rio de Janeiro,Norte Fluminense,Campos dos Goytacazes,Campos dos Goytacazes,Campos dos Goytacazes,2157.0,90.0,442.278724462989,22.10882202834091,322.46241034852005,344.57123237686096,97.70749208612801,22.09183636512555
2010,330490,São Gonçalo,RJ,Rio de Janeiro,Metropolitana do Rio de Janeiro,Rio de Janeiro,Rio de Janeiro,Rio de Janeiro,45013.0,3862.0,350.0819592978394,236.35952886868336,128.4033118385148,364.76284070719817,-14.68088140935879,-4.1935555430517715
2010,330500,São João da Barra,RJ,Rio de Janeiro,Norte Fluminense,Campos dos Goytacazes,Campos dos Goytacazes,Campos dos Goytacazes,3684.0,39.0,-13.791651006431266,355.1581960065306,-150.32359351960554,204.83460248692506,-218.62625349335633,1585.2072633755554
2010,330510,São João de Meriti,RJ,Rio de Janeiro,Metropolitana do Rio de Janeiro,Rio de Janeiro,Rio de Janeiro,Rio de Janeiro,20439.0,2750.0,380.9456074862229,193.89021089376206,158.54862109761063,352.4388319913727,28.506775494850217,7.483161620620912
2010,330513,São José de Ubá,RJ,Rio de Janeiro,Noroeste Fluminense,Santo Antônio de Pádua,Itaperuna,Campos dos Goytacazes,245.0,16.0,378.4925714285714,170.9262735354455,230.73296644388734,401.6592399793328,-23.166668550761415,-6.120772321454504
2010,330515,São José do Vale do Rio Preto,RJ,Rio de Janeiro,Metropolitana do Rio de Janeiro,Serrana,Petrópolis,Petrópolis,1499.0,154.0,216.51952596103024,125.91618031318217,125.55543785205225,251.47161816523442,-34.95209220420418,-16.142697546130297
2010,330520,São Pedro da Aldeia,RJ,Rio de Janeiro,Baixadas,Lagos,Cabo Frio,Macaé - Rio das Ostras - Cabo Frio,4136.0,274.0,409.5901801521974,195.30556572378134,222.9370385473377,418.24260427111903,-8.652424118921658,-2.1124588767500603
2010,330530,São Sebastião do Alto,RJ,Rio de Janeiro,Centro Fluminense,Santa Maria Madalena,Nova Friburgo,Petrópolis,762.0,16.0,697.3546833989499,376.8873108108105,324.1353317292218,701.0226425400323,-3.667959141082406,-0.5259818609383314
2010,330540,Sapucaia,RJ,Rio de Janeiro,Centro Fluminense,Três Rios,Três Rios - Paraíba do Sul,Petrópolis,1788.0,125.0,393.83655395973165,239.52842103557578,139.03078557707192,378.5592066126477,15.277347347083946,3.8791085269972174
2010,330550,Saquarema,RJ,Rio de Janeiro,Baixadas,Lagos,Rio de Janeiro,Rio de Janeiro,8680.0,311.0,357.34550147065374,349.622762770824,36.78739122231923,386.41015399314324,-29.064652522489496,-8.133487731865674
2010,330555,Seropédica,RJ,Rio de Janeiro,Metropolitana do Rio de Janeiro,Itaguaí,Rio de Janeiro,Rio de Janeiro,4095.0,124.0,418.62259870416324,110.46608316363199,199.31493239586462,309.7810155594966,108.84158314466663,25.99993012359659
2010,330560,Silva Jardim,RJ,Rio de Janeiro,Baixadas,Bacia de São João,Rio Bonito,Rio de Janeiro,1113.0,66.0,198.38632279670026,54.25633519203507,162.51259668944817,216.76893188148324,-18.382609084782985,-9.266066745750852
2010,330570,Sumidouro,RJ,Rio de Janeiro,Centro Fluminense,Nova Friburgo,Nova Friburgo,Petrópolis,612.0,26.0,142.57328431372548,117.52551076490317,75.90339663760892,193.4289074025121,-50.855623088786615,-35.6698124291514
2010,330575,Tanguá,RJ,Rio de Janeiro,Metropolitana do Rio de Janeiro,Rio de Janeiro,Rio de Janeiro,Rio de Janeiro,1963.0,103.0,308.8582843774883,200.05214125537157,124.10725517450282,324.1593964298744,-15.301112052386088,-4.954088274894704
2010,330580,Teresópolis,RJ,Rio de Janeiro,Metropolitana do Rio de Janeiro,Serrana,Petrópolis,Petrópolis,20327.0,762.0,263.1395387946445,131.23881247187296,118.39539801128183,249.6342104831548,13.505328311489734,5.1323827553066295
2010,330590,Trajano de Moraes,RJ,Rio de Janeiro,Centro Fluminense,Santa Maria Madalena,Nova Friburgo,Petrópolis,192.0,9.0,242.93807291666667,3.7828570998797204,214.62756402205014,218.41042112192986,24.527651794736812,10.096256836263931
2010,330600,Três Rios,RJ,Rio de Janeiro,Centro Fluminense,Três Rios,Três Rios - Paraíba do Sul,Petrópolis,10625.0,1290.0,420.47987327679004,251.0061097014941,195.82118118995606,446.82729089145016,-26.347417614660117,-6.266035377468912
2010,330610,Valença,RJ,Rio de Janeiro,Sul Fluminense,Barra do Piraí,Valença,Volta Redonda - Barra Mansa,4080.0,552.0,417.3404178388747,109.9403836061731,312.4532714733091,422.3936550794822,-5.053237240607473,-1.210819039951795
2010,330615,Varre-Sai,RJ,Rio de Janeiro,Noroeste Fluminense,Itaperuna,Itaperuna,Campos dos Goytacazes,181.0,13.0,225.39436039099007,73.53823052589951,183.02871877518112,256.5669493010806,-31.172588910090553,-13.830243514529677
2010,330620,Vassouras,RJ,Rio de Janeiro,Metropolitana do Rio de Janeiro,Vassouras,Valença,Volta Redonda - Barra Mansa,2411.0,388.0,571.4454654675521,41.078904128211434,506.63918004175946,547.7180841699709,23.727381297581246,4.1521689699939595
2010,330630,Volta Redonda,RJ,Rio de Janeiro,Sul Fluminense,Vale do Paraíba Fluminense,Volta Redonda - Barra Mansa,Volta Redonda - Barra Mansa,34784.0,3683.0,759.0525191987363,489.0214741247013,288.0212476084348,777.0427217331361,-17.990202534399828,-2.3700866645420624
2011,330010,Angra dos Reis,RJ,Rio de Janeiro,Sul Fluminense,Baía da Ilha Grande,Angra dos Reis,Rio de Janeiro,23775.0,738.0,1312.2334185153838,1223.4167708527614,37.16366524210025,1260.5804360948616,51.65298242052222,3.936264820854863
2011,330015,Aperibé,RJ,Rio de Janeiro,Noroeste Fluminense,Santo Antônio de Pádua,Santo Antônio de Pádua,Campos dos Goytacazes,781.0,14.0,213.91139015913654,138.7390769659787,13.387211594977316,152.12628856095603,61.78510159818052,28.88350244099499
2011,330020,Araruama,RJ,Rio de Janeiro,Baixadas,Lagos,Cabo Frio,Macaé - Rio das Ostras - Cabo Frio,7686.0,578.0,317.00637348092573,187.69475640558153,102.49800089993016,290.1927573055117,26.81361617541404,8.458383937516453
2011,330022,Areal,RJ,Rio de Janeiro,Centro Fluminense,Três Rios,Petrópolis,Petrópolis,2327.0,593.0,327.2552899353657,-88.61617132531524,392.5311347928365,303.91496346752126,23.34032646784442,7.132146426862721
2011,330023,Armação dos Búzios,RJ,Rio de Janeiro,Baixadas,Lagos,Cabo Frio,Macaé - Rio das Ostras - Cabo Frio,3777.0,590.0,253.64106577725113,112.37300493878479,99.90815796531376,212.28116290409855,41.35990287315258,16.306469437987246
2011,330025,Arraial do Cabo,RJ,Rio de Janeiro,Baixadas,Lagos,Cabo Frio,Macaé - Rio das Ostras - Cabo Frio,1786.0,151.0,428.7231791045883,421.4350111949076,53.139264429536524,474.5742756244441,-45.85109651985579,-10.694802323405582
2011,330030,Barra do Piraí,RJ,Rio de Janeiro,Sul Fluminense,Barra do Piraí,Volta Redonda - Barra Mansa,Volta Redonda - Barra Mansa,7249.0,1240.0,537.1270036000518,300.12459111175406,234.48960799403255,534.6141991057866,2.512804494265197,0.467823154937905
2011,330040,Barra Mansa,RJ,Rio de Janeiro,Sul Fluminense,Vale do Paraíba Fluminense,Volta Redonda - Barra Mansa,Volta Redonda - Barra Mansa,18636.0,1744.0,653.9288645238277,398.81950875172083,263.92872827020017,662.748237021921,-8.819372498093344,-1.3486746000293715
2011,330045,Belford Roxo,RJ,Rio de Janeiro,Metropolitana do Rio de Janeiro,Rio de Janeiro,Rio de Janeiro,Rio de Janeiro,11809.0,795.0,652.9413248758677,404.4830744666631,273.773759371285,678.2568338379481,-25.315508962080344,-3.8771491399925
2011,330050,Bom Jardim,RJ,Rio de Janeiro,Centro Fluminense,Nova Friburgo,Nova Friburgo,Petrópolis,3605.0,190.0,302.37198934228786,191.18871939631617,102.2091665919288,293.397885988245,8.974103354042882,2.9679016808280196
2011,330060,Bom Jesus do Itabapoana,RJ,Rio de Janeiro,Noroeste Fluminense,Itaperuna,Itaperuna,Campos dos Goytacazes,3051.0,237.0,256.61150205991817,71.84653653604528,158.3877093352562,230.23424587130148,26.377256188616684,10.279062308928639
2011,330070,Cabo Frio,RJ,Rio de Janeiro,Baixadas,Lagos,Cabo Frio,Macaé - Rio das Ostras - Cabo Frio,15677.0,1057.0,378.8678177890961,193.38780699267807,175.9274291790896,369.31523617176765,9.552581617328428,2.5213494440021433
2011,330080,Cachoeiras de Macacu,RJ,Rio de Janeiro,Metropolitana do Rio de Janeiro,Macacu-Caceribu,Rio Bonito,Rio de Janeiro,4981.0,163.0,306.5139773100974,409.9877726637668,-142.13252256869237,267.85525009507444,38.658727215022964,12.612386408699491
2011,330090,Cambuci,RJ,Rio de Janeiro,Noroeste Fluminense,Santo Antônio de Pádua,Santo Antônio de Pádua,Campos dos Goytacazes,422.0,54.0,298.76848692294175,-2.7223499892185146,201.87815191112122,199.1558019219027,99.61268500103904,33.34109498192529
2011,330093,Carapebus,RJ,Rio de Janeiro,Norte Fluminense,Macaé,Macaé - Rio das Ostras,Macaé - Rio das Ostras - Cabo Frio,269.0,20.0,454.1021784386618,243.61996626686687,262.97438206954337,506.59434833641023,-52.492169897748454,-11.559550336937852
2011,330095,Comendador Levy Gasparian,RJ,Rio de Janeiro,Centro Fluminense,Três Rios,Três Rios - Paraíba do Sul,Petrópolis,1009.0,436.0,567.4152964830289,-2.03037098961795,539.9840552142689,537.9536842246509,29.461612258377954,5.192248506691278
2011,330100,Campos dos Goytacazes,RJ,Rio de Janeiro,Norte Fluminense,Campos dos Goytacazes,Campos dos Goytacazes,Campos dos Goytacazes,52147.0,3258.0,230.96136883929057,43.784436246056885,188.04576037594438,231.83019662200127,-0.8688277827106958,-0.3761788333161684
2011,330110,Cantagalo,RJ,Rio de Janeiro,Centro Fluminense,Cantagalo-Cordeiro,Nova Friburgo,Petrópolis,1930.0,141.0,668.545107742623,457.5204110251033,420.4355228166221,877.9559338417254,-209.41082609910234,-31.32336527092222
2011,330115,Cardoso Moreira,RJ,Rio de Janeiro,Norte Fluminense,Campos dos Goytacazes,Campos dos Goytacazes,Campos dos Goytacazes,438.0,7.0,239.2644031311154,-48.141230158730195,133.52878323242965,85.38755307369945,153.87685005741594,64.31247107539537
2011,330120,Carmo,RJ,Rio de Janeiro,Centro Fluminense,Cantagalo-Cordeiro,Nova Friburgo,Petrópolis,1027.0,109.0,210.14840204389725,80.41035797310462,157.57436164325236,237.98471961635698,-27.836317572459734,-13.246028664374565
2011,330130,Casimiro de Abreu,RJ,Rio de Janeiro,Baixadas,Bacia de São João,Macaé - Rio das Ostras,Macaé - Rio das Ostras - Cabo Frio,3375.0,144.0,200.77086074074077,119.66502372283503,79.8431748578655,199.50819858070054,1.262662160040236,0.6289070811280406
2011,330140,Conceição de Macabu,RJ,Rio de Janeiro,Norte Fluminense,Macaé,Macaé - Rio das Ostras,Macaé - Rio das Ostras - Cabo Frio,743.0,62.0,456.9989434724091,325.701656545325,277.8887590740993,603.5904156194243,-146.59147214701522,-32.07698272411116
2011,330150,Cordeiro,RJ,Rio de Janeiro,Centro Fluminense,Cantagalo-Cordeiro,Nova Friburgo,Petrópolis,2086.0,212.0,309.3078314097578,300.14417644606897,-34.84953695904471,265.29463948702426,44.01319192273354,14.229575669691577
2011,330160,Duas Barras,RJ,Rio de Janeiro,Centro Fluminense,Nova Friburgo,Nova Friburgo,Petrópolis,703.0,24.0,289.4245519203415,138.29524984498164,212.01271463407375,350.3079644790554,-60.88341255871387,-21.03602204952911
2011,330170,Duque de Caxias,RJ,Rio de Janeiro,Metropolitana do Rio de Janeiro,Rio de Janeiro,Rio de Janeiro,Rio de Janeiro,63154.0,8569.0,978.0377576719228,525.7440330205536,450.30447998370505,976.0485130042587,1.9892446676641384,0.20339139793531563
2011,330180,Engenheiro Paulo de Frontin,RJ,Rio de Janeiro,Metropolitana do Rio de Janeiro,Vassouras,Volta Redonda - Barra Mansa,Volta Redonda - Barra Mansa,717.0,85.0,225.3559811305273,80.86317294034086,123.48319958836544,204.3463725287063,21.009608601821014,9.32285377846357
2011,330185,Guapimirim,RJ,Rio de Janeiro,Metropolitana do Rio de Janeiro,Rio de Janeiro,Rio de Janeiro,Rio de Janeiro,2292.0,88.0,309.085602292559,225.70699697386453,89.2448295891021,314.95182656296663,-5.866224270407656,-1.8979286731237308
2011,330187,Iguaba Grande,RJ,Rio de Janeiro,Baixadas,Lagos,Cabo Frio,Macaé - Rio das Ostras - Cabo Frio,739.0,35.0,203.40625478445781,39.022684441150545,102.13674843273259,141.15943287388313,62.24682191057468,30.60221622807783
2011,330190,Itaboraí,RJ,Rio de Janeiro,Metropolitana do Rio de Janeiro,Rio de Janeiro,Rio de Janeiro,Rio de Janeiro,18100.0,714.0,755.9877611263291,622.1121829456881,93.73030848675398,715.8424914324421,40.14526969388703,5.310306827464442
2011,330200,Itaguaí,RJ,Rio de Janeiro,Metropolitana do Rio de Janeiro,Itaguaí,Rio de Janeiro,Rio de Janeiro,12658.0,749.0,970.5448698702079,771.3264970457982,243.2973379297248,1014.623834975523,-44.07896510531509,-4.54167205182485
2011,330205,Italva,RJ,Rio de Janeiro,Noroeste Fluminense,Itaperuna,Campos dos Goytacazes,Campos dos Goytacazes,979.0,21.0,174.3901293837249,100.25674765461906,86.08687032055911,186.34361797517818,-11.953488591453265,-6.854452504677615
2011,330210,Itaocara,RJ,Rio de Janeiro,Noroeste Fluminense,Santo Antônio de Pádua,Santo Antônio de Pádua,Campos dos Goytacazes,1197.0,124.0,225.2766366184277,90.60045566193992,161.29140887049618,251.8918645324361,-26.615227914008415,-11.81446434638011
2011,330220,Itaperuna,RJ,Rio de Janeiro,Noroeste Fluminense,Itaperuna,Itaperuna,Campos dos Goytacazes,9585.0,1060.0,322.182025122784,130.1747011632574,212.77396082839857,342.94866199165597,-20.766636868871956,-6.445622427557144
2011,330225,Itatiaia,RJ,Rio de Janeiro,Sul Fluminense,Vale do Paraíba Fluminense,Resende,Volta Redonda - Barra Mansa,2522.0,215.0,1390.45254417867,901.8668516475384,648.2951940425219,1550.1620456900603,-159.70950151139027,-11.486152632827142
2011,330227,Japeri,RJ,Rio de Janeiro,Metropolitana do Rio de Janeiro,Rio de Janeiro,Rio de Janeiro,Rio de Janeiro,1206.0,155.0,576.5566505643825,180.64318681899204,339.21478124691714,519.8579680659092,56.69868249847332,9.834017601387798
2011,330230,Laje do Muriaé,RJ,Rio de Janeiro,Noroeste Fluminense,Itaperuna,Itaperuna,Campos dos Goytacazes,205.0,7.0,223.50103135888492,9.113587952488729,149.02041041041036,158.1339983628991,65.36703299598582,29.24685966706939
2011,330240,Macaé,RJ,Rio de Janeiro,Norte Fluminense,Macaé,Macaé - Rio das Ostras,Macaé - Rio das Ostras - Cabo Frio,57706.0,3827.0,3639.270258034042,2294.9280629613095,1625.3895576289096,3920.317620590219,-281.0473625561772,-7.722629610585745
2011,330245,Macuco,RJ,Rio de Janeiro,Centro Fluminense,Cantagalo-Cordeiro,Nova Friburgo,Petrópolis,520.0,38.0,359.0236872469634,138.9351898921833,234.63586262282683,373.57105251501014,-14.547365268046747,-4.051923531730646
2011,330250,Magé,RJ,Rio de Janeiro,Metropolitana do Rio de Janeiro,Rio de Janeiro,Rio de Janeiro,Rio de Janeiro,7973.0,806.0,297.5427021439293,183.13793026918268,138.263107147921,321.4010374171037,-23.85833527317436,-8.018457552903936
2011,330260,Mangaratiba,RJ,Rio de Janeiro,Metropolitana do Rio de Janeiro,Itaguaí,Rio de Janeiro,Rio de Janeiro,2612.0,120.0,525.1923132976008,359.8342348735414,294.00201775766504,653.8362526312064,-128.64393933360566,-24.494634836879158
2011,330270,Maricá,RJ,Rio de Janeiro,Metropolitana do Rio de Janeiro,Rio de Janeiro,Rio de Janeiro,Rio de Janeiro,6929.0,126.0,185.89280626398818,148.28695294430486,11.667502773439992,159.95445571774485,25.938350546243328,13.953391240652973
2011,330280,Mendes,RJ,Rio de Janeiro,Metropolitana do Rio de Janeiro,Vassouras,Volta Redonda - Barra Mansa,Volta Redonda - Barra Mansa,504.0,76.0,121.42508771929829,34.04439380455301,108.25215650488576,142.29655030943877,-20.87146259014048,-17.188756444129254
2011,330285,Mesquita,RJ,Rio de Janeiro,Metropolitana do Rio de Janeiro,Rio de Janeiro,Rio de Janeiro,Rio de Janeiro,5389.0,456.0,416.7776385741911,360.9273528713186,39.05676732252482,399.9841201938434,16.793518380347678,4.029371258448225
2011,330290,Miguel Pereira,RJ,Rio de Janeiro,Metropolitana do Rio de Janeiro,Vassouras,Valença,Volta Redonda - Barra Mansa,1332.0,168.0,194.62655941655942,61.35607946065386,180.38480894518057,241.74088840583443,-47.11432898927501,-24.207553753460832
2011,330300,Miracema,RJ,Rio de Janeiro,Noroeste Fluminense,Santo Antônio de Pádua,Santo Antônio de Pádua,Campos dos Goytacazes,1249.0,133.0,222.96222680399978,36.41762966781653,185.52117341908559,221.9388030869021,1.0234237170976712,0.45901215276134466
2011,330310,Natividade,RJ,Rio de Janeiro,Noroeste Fluminense,Itaperuna,Itaperuna,Campos dos Goytacazes,552.0,22.0,305.665166337286,16.139362364441354,276.84331706960063,292.982679434042,12.682486903244012,4.1491436709047615
2011,330320,Nilópolis,RJ,Rio de Janeiro,Metropolitana do Rio de Janeiro,Rio de Janeiro,Rio de Janeiro,Rio de Janeiro,6038.0,1001.0,328.73203364538745,179.385275974239,140.41140790237102,319.79668387661,8.935349768777428,2.718125662927101
2011,330330,Niterói,RJ,Rio de Janeiro,Metropolitana do Rio de Janeiro,Rio de Janeiro,Rio de Janeiro,Rio de Janeiro,94815.0,6118.0,699.3721055005225,366.46004325349304,281.82590800624394,648.285951259737,51.086154240785504,7.304574180038889
2011,330340,Nova Friburgo,RJ,Rio de Janeiro,Centro Fluminense,Nova Friburgo,Nova Friburgo,Petrópolis,32545.0,2066.0,280.2388801712782,165.70117995806322,115.07880900492057,280.7799889629838,-0.5411087917055966,-0.1930884077808469
2011,330350,Nova Iguaçu,RJ,Rio de Janeiro,Metropolitana do Rio de Janeiro,Rio de Janeiro,Rio de Janeiro,Rio de Janeiro,32016.0,4433.0,479.4903682721856,261.21952705292995,196.8559898310814,458.07551688401134,21.41485138817427,4.4661692507696005
2011,330360,Paracambi,RJ,Rio de Janeiro,Metropolitana do Rio de Janeiro,Vassouras,Rio de Janeiro,Rio de Janeiro,2022.0,152.0,280.89459446092985,164.76022893690856,104.24707096015061,269.00729989705917,11.887294563870682,4.231941375263492
2011,330370,Paraíba do Sul,RJ,Rio de Janeiro,Centro Fluminense,Três Rios,Três Rios - Paraíba do Sul,Petrópolis,3613.0,524.0,385.1782040204688,217.39970454030436,189.32706697893195,406.7267715192363,-21.54856749876751,-5.594441033746135
2011,330380,Paraty,RJ,Rio de Janeiro,Sul Fluminense,Baía da Ilha Grande,Angra dos Reis,Rio de Janeiro,2849.0,161.0,184.70437850046562,182.22536729760373,22.158829646825097,204.38419694442882,-19.6798184439632,-10.654765525178705
2011,330385,Paty do Alferes,RJ,Rio de Janeiro,Metropolitana do Rio de Janeiro,Vassouras,Valença,Volta Redonda - Barra Mansa,1119.0,106.0,208.09580842059108,94.20896387853429,135.8810758940757,230.09003977261,-21.994231352018915,-10.56928129353065
2011,330390,Petrópolis,RJ,Rio de Janeiro,Metropolitana do Rio de Janeiro,Serrana,Petrópolis,Petrópolis,47635.0,2787.0,409.607074036893,220.04282614884983,182.25051907622844,402.29334522507827,7.313728811814713,1.7855474857243239
2011,330395,Pinheiral,RJ,Rio de Janeiro,Sul Fluminense,Vale do Paraíba Fluminense,Volta Redonda - Barra Mansa,Volta Redonda - Barra Mansa,1120.0,131.0,273.4303818157032,144.87097555974037,160.81593740189044,305.6869129616308,-32.256531145927624,-11.796981349230272
2011,330400,Piraí,RJ,Rio de Janeiro,Sul Fluminense,Vale do Paraíba Fluminense,Volta Redonda - Barra Mansa,Volta Redonda - Barra Mansa,2492.0,262.0,816.966293880877,402.14560673947346,411.44736326700433,813.5929700064778,3.373323874399148,0.4129085740336573
2011,330410,Porciúncula,RJ,Rio de Janeiro,Noroeste Fluminense,Itaperuna,Itaperuna,Campos dos Goytacazes,476.0,50.0,274.5762117647058,90.19662650229873,174.16013033347542,264.35675683577415,10.219454928931668,3.7219010573607463
2011,330411,Porto Real,RJ,Rio de Janeiro,Sul Fluminense,Vale do Paraíba Fluminense,Resende,Volta Redonda - Barra Mansa,6814.0,239.0,1710.5341258767019,410.1326258525605,1306.387232481501,1716.5198583340616,-5.985732457359745,-0.3499335305159066
2011,330412,Quatis,RJ,Rio de Janeiro,Sul Fluminense,Vale do Paraíba Fluminense,Resende,Volta Redonda - Barra Mansa,883.0,81.0,225.9877556869818,170.5136519057105,76.27682630104539,246.7904782067559,-20.80272251977408,-9.205243202905278
2011,330414,Queimados,RJ,Rio de Janeiro,Metropolitana do Rio de Janeiro,Rio de Janeiro,Rio de Janeiro,Rio de Janeiro,4589.0,397.0,644.1973146440976,433.717134440931,195.47970227111182,629.1968367120428,15.000477932054764,2.328553316050711
2011,330415,Quissamã,RJ,Rio de Janeiro,Norte Fluminense,Macaé,Macaé - Rio das Ostras,Macaé - Rio das Ostras - Cabo Frio,1409.0,59.0,192.22123912860434,-115.61051966352738,422.81771176175243,307.20719209822505,-114.98595296962071,-59.819587830609144
2011,330420,Resende,RJ,Rio de Janeiro,Sul Fluminense,Vale do Paraíba Fluminense,Resende,Volta Redonda - Barra Mansa,15129.0,1568.0,1367.283407805964,799.0829073109112,581.5529626406503,1380.6358699515615,-13.352462145597428,-0.9765687252084553
2011,330430,Rio Bonito,RJ,Rio de Janeiro,Metropolitana do Rio de Janeiro,Macacu-Caceribu,Rio Bonito,Rio de Janeiro,10349.0,1188.0,388.3762707533999,202.03323166065695,214.85027600195042,416.88350766260737,-28.50723690920745,-7.340107791319764
2011,330440,Rio Claro,RJ,Rio de Janeiro,Sul Fluminense,Vale do Paraíba Fluminense,Volta Redonda - Barra Mansa,Volta Redonda - Barra Mansa,499.0,28.0,338.9837732608074,179.927952197374,165.19489240717087,345.12284460454487,-6.139071343737442,-1.8110221868980616
2011,330450,Rio das Flores,RJ,Rio de Janeiro,Sul Fluminense,Barra do Piraí,Valença,Volta Redonda - Barra Mansa,1202.0,196.0,1444.929264151584,332.94424863803465,1275.156763422005,1608.1010120600397,-163.1717479084557,-11.292715287641773
2011,330452,Rio das Ostras,RJ,Rio de Janeiro,Baixadas,Bacia de São João,Macaé - Rio das Ostras,Macaé - Rio das Ostras - Cabo Frio,10431.0,391.0,1715.9879937580317,1348.6713147574233,458.579315350632,1807.2506301080552,-91.26263635002351,-5.318372662395928
2011,330455,Rio de Janeiro,RJ,Rio de Janeiro,Metropolitana do Rio de Janeiro,Rio de Janeiro,Rio de Janeiro,Rio de Janeiro,927556.0,101059.0,1458.694339370616,430.134176925392,1027.3733753555703,1457.5075522809623,1.1867870896537625,0.08135954583643798
2011,330460,Santa Maria Madalena,RJ,Rio de Janeiro,Centro Fluminense,Santa Maria Madalena,Nova Friburgo,Petrópolis,603.0,38.0,395.05244086584617,357.5816100182341,119.0541844273107,476.6357944455448,-81.58335357969861,-20.65127186681605
2011,330470,Santo Antônio de Pádua,RJ,Rio de Janeiro,Noroeste Fluminense,Santo Antônio de Pádua,Santo Antônio de Pádua,Campos dos Goytacazes,3630.0,226.0,280.1121271362051,46.3080012433212,138.57964046567622,184.88764170899742,95.2244854272077,33.99513130715137
2011,330475,São Francisco de Itabapoana,RJ,Rio de Janeiro,Norte Fluminense,Campos dos Goytacazes,Campos dos Goytacazes,Campos dos Goytacazes,1990.0,20.0,206.50928391959792,124.10760787699382,107.25145198427401,231.35905986126784,-24.849775941669918,-12.033248806065737
2011,330480,São Fidélis,RJ,Rio de Janeiro,Norte Fluminense,Campos dos Goytacazes,Campos dos Goytacazes,Campos dos Goytacazes,2175.0,96.0,418.8580464080459,48.17386250589402,282.9526241928229,331.1264866987169,87.73155970932896,20.945415866229308
2011,330490,São Gonçalo,RJ,Rio de Janeiro,Metropolitana do Rio de Janeiro,Rio de Janeiro,Rio de Janeiro,Rio de Janeiro,51903.0,3988.0,381.3922201730328,277.20594629915047,119.27703637914226,396.48298267829273,-15.090762505259931,-3.9567567734898854
2011,330500,São João da Barra,RJ,Rio de Janeiro,Norte Fluminense,Campos dos Goytacazes,Campos dos Goytacazes,Campos dos Goytacazes,4322.0,88.0,888.5906121429471,620.5754663537348,105.68222560658728,726.2576919603221,162.332920182625,18.268583750973793
2011,330510,São João de Meriti,RJ,Rio de Janeiro,Metropolitana do Rio de Janeiro,Rio de Janeiro,Rio de Janeiro,Rio de Janeiro,21601.0,2907.0,377.36239538385337,209.30185117781616,132.75006439825233,342.0519155760685,35.31047980778487,9.357180323139252
2011,330513,São José de Ubá,RJ,Rio de Janeiro,Noroeste Fluminense,Santo Antônio de Pádua,Itaperuna,Campos dos Goytacazes,318.0,25.0,371.5141094339624,186.1977367616421,193.19614830368926,379.39388506533135,-7.879775631368943,-2.1209896020839
2011,330515,São José do Vale do Rio Preto,RJ,Rio de Janeiro,Metropolitana do Rio de Janeiro,Serrana,Petrópolis,Petrópolis,1635.0,173.0,231.77531615138503,139.53900953589084,97.1581916365966,236.69720117248744,-4.921885021102412,-2.123558756311937
2011,330520,São Pedro da Aldeia,RJ,Rio de Janeiro,Baixadas,Lagos,Cabo Frio,Macaé - Rio das Ostras - Cabo Frio,4379.0,378.0,472.9807558622142,220.46910141613853,264.90444352270424,485.37354493884277,-12.39278907662856,-2.6201465753162165
2011,330530,São Sebastião do Alto,RJ,Rio de Janeiro,Centro Fluminense,Santa Maria Madalena,Nova Friburgo,Petrópolis,342.0,39.0,-1549.6072447143497,-347.9842446548496,-460.083275229043,-808.0675198838926,-741.5397248304571,47.85339816652383
2011,330540,Sapucaia,RJ,Rio de Janeiro,Centro Fluminense,Três Rios,Três Rios - Paraíba do Sul,Petrópolis,2015.0,166.0,471.0578050464884,322.7012089554612,134.02393700684024,456.72514596230144,14.332659084186957,3.0426539865468265
2011,330550,Saquarema,RJ,Rio de Janeiro,Baixadas,Lagos,Rio de Janeiro,Rio de Janeiro,9983.0,332.0,339.6645017433251,240.83683196045,24.698353307783236,265.53518526823325,74.12931647509185,21.824275452578583
2011,330555,Seropédica,RJ,Rio de Janeiro,Metropolitana do Rio de Janeiro,Itaguaí,Rio de Janeiro,Rio de Janeiro,4066.0,150.0,458.23609388424313,129.44751929259337,252.55406378894077,382.00158308153414,76.234510802709,16.636513757898545
2011,330560,Silva Jardim,RJ,Rio de Janeiro,Baixadas,Bacia de São João,Rio Bonito,Rio de Janeiro,1170.0,71.0,326.2051676898999,100.09973439995167,213.90163541004438,314.00136980999605,12.203797879903846,3.741141799293974
2011,330570,Sumidouro,RJ,Rio de Janeiro,Centro Fluminense,Nova Friburgo,Nova Friburgo,Petrópolis,714.0,29.0,30.28522988505722,139.5852465077653,163.50791258603113,303.09315909379643,-272.8079292087392,-900.7953059763402
2011,330575,Tanguá,RJ,Rio de Janeiro,Metropolitana do Rio de Janeiro,Rio de Janeiro,Rio de Janeiro,Rio de Janeiro,2081.0,106.0,332.2248953242728,237.8569009071948,106.79845442986402,344.65535533705884,-12.430460012786057,-3.7415799320677436
2011,330580,Teresópolis,RJ,Rio de Janeiro,Metropolitana do Rio de Janeiro,Serrana,Petrópolis,Petrópolis,21675.0,883.0,296.5598680162652,168.1287370347227,108.02928611827474,276.15802315299743,20.401844863267797,6.879502948169923
2011,330590,Trajano de Moraes,RJ,Rio de Janeiro,Centro Fluminense,Santa Maria Madalena,Nova Friburgo,Petrópolis,262.0,10.0,270.5368091603053,13.457716938563067,208.45033618008597,221.90805311864904,48.62875604165629,17.9749129859965
2011,330600,Três Rios,RJ,Rio de Janeiro,Centro Fluminense,Três Rios,Três Rios - Paraíba do Sul,Petrópolis,11031.0,1445.0,490.7542488833765,280.2777098730288,234.444946468127,514.7226563411558,-23.968407457779335,-4.883993875206412
2011,330610,Valença,RJ,Rio de Janeiro,Sul Fluminense,Barra do Piraí,Valença,Volta Redonda - Barra Mansa,4308.0,683.0,420.4825308799319,129.4231689169428,310.9731968622647,440.3963657792075,-19.91383489927557,-4.73594821111889
2011,330615,Varre-Sai,RJ,Rio de Janeiro,Noroeste Fluminense,Itaperuna,Itaperuna,Campos dos Goytacazes,183.0,16.0,312.09098702185804,100.72271753955272,259.9424636137735,360.6651811533262,-48.574194131468175,-15.56411307964692
2011,330620,Vassouras,RJ,Rio de Janeiro,Metropolitana do Rio de Janeiro,Vassouras,Valença,Volta Redonda - Barra Mansa,2852.0,371.0,577.755768562658,38.071197588798896,517.8151138703969,555.8863114591958,21.869457103462196,3.785242535590614
2011,330630,Volta Redonda,RJ,Rio de Janeiro,Sul Fluminense,Vale do Paraíba Fluminense,Volta Redonda - Barra Mansa,Volta Redonda - Barra Mansa,36550.0,4316.0,868.051085165116,542.8073155020402,328.2251489631974,871.0324644652376,-2.9813793001216027,-0.3434566641379754
2012,330010,Angra dos Reis,RJ,Rio de Janeiro,Sul Fluminense,Baía da Ilha Grande,Angra dos Reis,Rio de Janeiro,22697.0,859.0,1224.4207779466321,1135.435179977867,12.985832121632257,1148.4210120994992,75.99976584713295,6.2069973995855765
2012,330015,Aperibé,RJ,Rio de Janeiro,Noroeste Fluminense,Santo Antônio de Pádua,Santo Antônio de Pádua,Campos dos Goytacazes,835.0,13.0,229.06077107323813,135.62143556026865,19.90108702153111,155.52252258179976,73.53824849143837,32.1042525731854
2012,330020,Araruama,RJ,Rio de Janeiro,Baixadas,Lagos,Cabo Frio,Macaé - Rio das Ostras - Cabo Frio,8869.0,670.0,475.22893194642415,299.9343204927087,152.6783740470762,452.6126945397849,22.616237406639243,4.759019471733032
2012,330022,Areal,RJ,Rio de Janeiro,Centro Fluminense,Três Rios,Petrópolis,Petrópolis,1600.0,518.0,531.8498318050192,30.18655127898478,501.1837086916323,531.3702599706171,0.4795718344021225,0.09017053418528441
2012,330023,Armação dos Búzios,RJ,Rio de Janeiro,Baixadas,Lagos,Cabo Frio,Macaé - Rio das Ostras - Cabo Frio,3948.0,608.0,346.78936920092804,147.77612764153685,166.97031819893925,314.7464458404761,32.04292336045194,9.239880517181144
2012,330025,Arraial do Cabo,RJ,Rio de Janeiro,Baixadas,Lagos,Cabo Frio,Macaé - Rio das Ostras - Cabo Frio,2093.0,155.0,529.6459741997134,453.17489919340585,10.415879911648062,463.5907791050539,66.05519509465944,12.471575035469266
2012,330030,Barra do Piraí,RJ,Rio de Janeiro,Sul Fluminense,Barra do Piraí,Volta Redonda - Barra Mansa,Volta Redonda - Barra Mansa,6366.0,1349.0,640.4493184185726,285.2538235190269,298.69915183491196,583.9529753539389,56.49634306463372,8.82136047925496
2012,330040,Barra Mansa,RJ,Rio de Janeiro,Sul Fluminense,Vale do Paraíba Fluminense,Volta Redonda - Barra Mansa,Volta Redonda - Barra Mansa,18038.0,1971.0,666.9812743813459,367.11658477076026,302.7873864242065,669.9039711949667,-2.9226968136208598,-0.43819773146281926
2012,330045,Belford Roxo,RJ,Rio de Janeiro,Metropolitana do Rio de Janeiro,Rio de Janeiro,Rio de Janeiro,Rio de Janeiro,11397.0,911.0,733.8835300486858,461.50047529282097,294.59256859131324,756.0930438841342,-22.209513835448433,-3.0262995320217985
2012,330050,Bom Jardim,RJ,Rio de Janeiro,Centro Fluminense,Nova Friburgo,Nova Friburgo,Petrópolis,3466.0,219.0,345.6673305193043,196.00061307012868,138.85693671380216,334.85754978393084,10.809780735373465,3.1272208221510756
2012,330060,Bom Jesus do Itabapoana,RJ,Rio de Janeiro,Noroeste Fluminense,Itaperuna,Itaperuna,Campos dos Goytacazes,3052.0,318.0,296.56467799236714,140.82279974567996,137.96385073304134,278.7866504787213,17.77802751364584,5.994654398492933
2012,330070,Cabo Frio,RJ,Rio de Janeiro,Baixadas,Lagos,Cabo Frio,Macaé - Rio das Ostras - Cabo Frio,17277.0,1163.0,412.41569852234727,225.96461974235217,186.38843141485017,412.35305115720234,0.06264736514492597,0.01519034444357635
2012,330080,Cachoeiras de Macacu,RJ,Rio de Janeiro,Metropolitana do Rio de Janeiro,Macacu-Caceribu,Rio Bonito,Rio de Janeiro,5015.0,220.0,484.0655932203389,456.5687018528315,-93.30639608869092,363.2623057641406,120.80328745619829,24.955974799310013
2012,330090,Cambuci,RJ,Rio de Janeiro,Noroeste Fluminense,Santo Antônio de Pádua,Santo Antônio de Pádua,Campos dos Goytacazes,439.0,49.0,372.67776625912313,62.013443795787566,254.6956237654938,316.70906756128136,55.96869869784177,15.017987056122553
2012,330093,Carapebus,RJ,Rio de Janeiro,Norte Fluminense,Macaé,Macaé - Rio das Ostras,Macaé - Rio das Ostras - Cabo Frio,223.0,18.0,903.3604384653713,463.7610657356265,460.3739453814128,924.1350111170393,-20.774572651667995,-2.29969918618086
2012,330095,Comendador Levy Gasparian,RJ,Rio de Janeiro,Centro Fluminense,Três Rios,Três Rios - Paraíba do Sul,Petrópolis,1089.0,476.0,621.7642464175752,40.26146475094424,565.2229951281943,605.4844598791385,16.279786538436724,2.618321434890494
2012,330100,Campos dos Goytacazes,RJ,Rio de Janeiro,Norte Fluminense,Campos dos Goytacazes,Campos dos Goytacazes,Campos dos Goytacazes,53112.0,3437.0,289.9639348184038,140.12793675118087,145.93773305727973,286.0656698084606,3.898265009943202,1.3443965065464347
2012,330110,Cantagalo,RJ,Rio de Janeiro,Centro Fluminense,Cantagalo-Cordeiro,Nova Friburgo,Petrópolis,1887.0,144.0,815.4137109167991,563.349476199817,398.0092473167199,961.3587235165369,-145.94501259973777,-17.898277971760677
2012,330115,Cardoso Moreira,RJ,Rio de Janeiro,Norte Fluminense,Campos dos Goytacazes,Campos dos Goytacazes,Campos dos Goytacazes,410.0,12.0,39.512699186991995,-37.240937450888055,171.23433201058197,133.9933945596939,-94.48069537270192,-239.11475884139543
2012,330120,Carmo,RJ,Rio de Janeiro,Centro Fluminense,Cantagalo-Cordeiro,Nova Friburgo,Petrópolis,1042.0,100.0,155.35119673704412,24.306987990245943,138.975299703539,163.28228769378495,-7.931090956740832,-5.105265439419451
2012,330130,Casimiro de Abreu,RJ,Rio de Janeiro,Baixadas,Bacia de São João,Macaé - Rio das Ostras,Macaé - Rio das Ostras - Cabo Frio,2530.0,190.0,306.5181427085503,182.7937888123946,67.12051226268056,249.91430107507517,56.6038416334751,18.466718195958894
2012,330140,Conceição de Macabu,RJ,Rio de Janeiro,Norte Fluminense,Macaé,Macaé - Rio das Ostras,Macaé - Rio das Ostras - Cabo Frio,927.0,27.0,460.38309600863,484.0308770550878,75.35194879233154,559.3828258474193,-98.99972983878934,-21.503771684296062
2012,330150,Cordeiro,RJ,Rio de Janeiro,Centro Fluminense,Cantagalo-Cordeiro,Nova Friburgo,Petrópolis,2278.0,221.0,403.9791379077461,346.73239278899484,78.89496014829581,425.62735293729065,-21.64821502954453,-5.358745786147051
2012,330160,Duas Barras,RJ,Rio de Janeiro,Centro Fluminense,Nova Friburgo,Nova Friburgo,Petrópolis,841.0,30.0,79.87295560840255,79.80952310111263,55.258059402083745,135.06758250319638,-55.19462689479383,-69.1030230124443
2012,330170,Duque de Caxias,RJ,Rio de Janeiro,Metropolitana do Rio de Janeiro,Rio de Janeiro,Rio de Janeiro,Rio de Janeiro,65439.0,8430.0,972.7651612282533,592.9437269266928,409.4624822149847,1002.4062091416774,-29.64104791342413,-3.047091846504672
2012,330180,Engenheiro Paulo de Frontin,RJ,Rio de Janeiro,Metropolitana do Rio de Janeiro,Vassouras,Volta Redonda - Barra Mansa,Volta Redonda - Barra Mansa,675.0,80.0,63.104103703703686,90.98191874077452,7.439964941734047,98.42188368250856,-35.31777997880488,-55.96748532335468
2012,330185,Guapimirim,RJ,Rio de Janeiro,Metropolitana do Rio de Janeiro,Rio de Janeiro,Rio de Janeiro,Rio de Janeiro,2258.0,114.0,403.9518275760262,252.67104002067606,119.5147554151622,372.18579543583826,31.766032140187917,7.863816913715871
2012,330187,Iguaba Grande,RJ,Rio de Janeiro,Baixadas,Lagos,Cabo Frio,Macaé - Rio das Ostras - Cabo Frio,712.0,57.0,233.2226764242065,28.27130198289069,105.3344453333334,133.6057473162241,99.6169291079824,42.71322610447627
2012,330190,Itaboraí,RJ,Rio de Janeiro,Metropolitana do Rio de Janeiro,Rio de Janeiro,Rio de Janeiro,Rio de Janeiro,20881.0,820.0,1021.7852807073996,789.0172813110387,180.34093201181486,969.3582133228535,52.427067384546035,5.130928031009595
2012,330200,Itaguaí,RJ,Rio de Janeiro,Metropolitana do Rio de Janeiro,Itaguaí,Rio de Janeiro,Rio de Janeiro,12870.0,729.0,1262.090042351339,970.3702434209449,338.10542408854485,1308.4756675094898,-46.38562515815079,-3.67530236366749
2012,330205,Italva,RJ,Rio de Janeiro,Noroeste Fluminense,Itaperuna,Campos dos Goytacazes,Campos dos Goytacazes,787.0,23.0,265.9331191646869,173.59790372898624,124.50257668459312,298.10048041357936,-32.16736124889246,-12.09603427731462
2012,330210,Itaocara,RJ,Rio de Janeiro,Noroeste Fluminense,Santo Antônio de Pádua,Santo Antônio de Pádua,Campos dos Goytacazes,1455.0,125.0,284.13485058419246,115.88316936870535,135.46411041389138,251.34727978259673,32.787570801595734,11.539440070157953
2012,330220,Itaperuna,RJ,Rio de Janeiro,Noroeste Fluminense,Itaperuna,Itaperuna,Campos dos Goytacazes,10646.0,978.0,275.47089599404046,107.72672692508309,187.6342237516069,295.36095067669,-19.89005468264952,-7.220383340634222
2012,330225,Itatiaia,RJ,Rio de Janeiro,Sul Fluminense,Vale do Paraíba Fluminense,Resende,Volta Redonda - Barra Mansa,2692.0,241.0,1452.8155238358004,953.6413928110112,692.0786684163029,1645.720061227314,-192.9045373915137,-13.277978809188173
2012,330227,Japeri,RJ,Rio de Janeiro,Metropolitana do Rio de Janeiro,Rio de Janeiro,Rio de Janeiro,Rio de Janeiro,1315.0,180.0,533.5137190536544,181.1876073208307,309.75026119209497,490.93786851292566,42.575850540728766,7.980272862757817
2012,330230,Laje do Muriaé,RJ,Rio de Janeiro,Noroeste Fluminense,Itaperuna,Itaperuna,Campos dos Goytacazes,218.0,8.0,281.50837155963325,47.329439119951985,152.08190405117296,199.41134317112494,82.0970283885083,29.163263576734273
2012,330240,Macaé,RJ,Rio de Janeiro,Norte Fluminense,Macaé,Macaé - Rio das Ostras,Macaé - Rio das Ostras - Cabo Frio,60426.0,4135.0,3982.0206915005037,2573.836077320224,1751.6798704223997,4325.515947742624,-343.4952562421204,-8.626154479189424
2012,330245,Macuco,RJ,Rio de Janeiro,Centro Fluminense,Cantagalo-Cordeiro,Nova Friburgo,Petrópolis,519.0,52.0,443.03105639543503,103.01918811050496,328.5472408687351,431.5664289792401,11.464627416194958,2.5877705977257732
2012,330250,Magé,RJ,Rio de Janeiro,Metropolitana do Rio de Janeiro,Rio de Janeiro,Rio de Janeiro,Rio de Janeiro,8415.0,811.0,371.8669328741099,243.00136284467476,149.44951510351154,392.4508779481863,-20.583945074076382,-5.535298585164811
2012,330260,Mangaratiba,RJ,Rio de Janeiro,Metropolitana do Rio de Janeiro,Itaguaí,Rio de Janeiro,Rio de Janeiro,2668.0,130.0,690.1790180486682,135.54585952332877,396.87519667667675,532.4210562000055,157.75796184866272,22.857542423513426
2012,330270,Maricá,RJ,Rio de Janeiro,Metropolitana do Rio de Janeiro,Rio de Janeiro,Rio de Janeiro,Rio de Janeiro,7504.0,168.0,292.7559714818765,238.60517762736106,24.16162253257835,262.7668001599394,29.98917132193708,10.243743678442305
2012,330280,Mendes,RJ,Rio de Janeiro,Metropolitana do Rio de Janeiro,Vassouras,Volta Redonda - Barra Mansa,Volta Redonda - Barra Mansa,511.0,60.0,245.17911285061973,173.77983635055944,74.08302280318617,247.8628591537456,-2.683746303125872,-1.0946064172933843
2012,330285,Mesquita,RJ,Rio de Janeiro,Metropolitana do Rio de Janeiro,Rio de Janeiro,Rio de Janeiro,Rio de Janeiro,5630.0,517.0,273.4393685011562,280.4410551484714,78.9707941647805,359.4118493132519,-85.97248081209568,-31.44114956209466
2012,330290,Miguel Pereira,RJ,Rio de Janeiro,Metropolitana do Rio de Janeiro,Vassouras,Valença,Volta Redonda - Barra Mansa,1213.0,149.0,236.7035016073081,3.326138285439356,233.1749428344849,236.50108111992427,0.2024204873838471,0.08551647356686061
2012,330300,Miracema,RJ,Rio de Janeiro,Noroeste Fluminense,Santo Antônio de Pádua,Santo Antônio de Pádua,Campos dos Goytacazes,1485.0,138.0,202.34704201434613,32.268934249364975,175.17168288443486,207.44061713379983,-5.093575119453703,-2.5172471357859414
2012,330310,Natividade,RJ,Rio de Janeiro,Noroeste Fluminense,Itaperuna,Itaperuna,Campos dos Goytacazes,503.0,17.0,276.6639363817096,45.10135511713895,270.8751533538418,315.9765084709808,-39.31257208927116,-14.209503632245049
2012,330320,Nilópolis,RJ,Rio de Janeiro,Metropolitana do Rio de Janeiro,Rio de Janeiro,Rio de Janeiro,Rio de Janeiro,5952.0,1117.0,290.89553158632214,166.40651349209963,132.10469051976213,298.51120401186176,-7.615672425539628,-2.6180094221487575
2012,330330,Niterói,RJ,Rio de Janeiro,Metropolitana do Rio de Janeiro,Rio de Janeiro,Rio de Janeiro,Rio de Janeiro,94363.0,6996.0,850.7919913343504,489.24177166262916,298.7460774193976,787.9878490820267,62.804142252323686,7.3818445509605715
2012,330340,Nova Friburgo,RJ,Rio de Janeiro,Centro Fluminense,Nova Friburgo,Nova Friburgo,Petrópolis,31131.0,2140.0,289.6829727698778,176.69539556391828,117.62810707221433,294.3235026361326,-4.6405298662548375,-1.6019339424348022
2012,330350,Nova Iguaçu,RJ,Rio de Janeiro,Metropolitana do Rio de Janeiro,Rio de Janeiro,Rio de Janeiro,Rio de Janeiro,31619.0,4751.0,459.2498560895285,267.3711539130338,170.9194395058969,438.2905934189307,20.95926267059781,4.563803862469127
2012,330360,Paracambi,RJ,Rio de Janeiro,Metropolitana do Rio de Janeiro,Vassouras,Rio de Janeiro,Rio de Janeiro,1812.0,144.0,354.5574604488594,228.44085552033232,140.2161764324925,368.6570319528248,-14.099571503965421,-3.9766675579511928
2012,330370,Paraíba do Sul,RJ,Rio de Janeiro,Centro Fluminense,Três Rios,Três Rios - Paraíba do Sul,Petrópolis,3859.0,648.0,441.08528714341026,196.8141591286883,264.31469273301104,461.12885186169933,-20.043564718289076,-4.5441471984016335
2012,330380,Paraty,RJ,Rio de Janeiro,Sul Fluminense,Baía da Ilha Grande,Angra dos Reis,Rio de Janeiro,3226.0,143.0,138.16861991077735,169.82656627253368,-37.790028535381,132.03653773715268,6.132082173624667,4.438114947941487
2012,330385,Paty do Alferes,RJ,Rio de Janeiro,Metropolitana do Rio de Janeiro,Vassouras,Valença,Volta Redonda - Barra Mansa,1045.0,106.0,221.3718207998554,145.8133961933729,86.71523083421539,232.5286270275883,-11.156806227732886,-5.03984933015475
2012,330390,Petrópolis,RJ,Rio de Janeiro,Metropolitana do Rio de Janeiro,Serrana,Petrópolis,Petrópolis,46790.0,2928.0,455.7688267549929,240.34318272384326,214.74174965556676,455.08493237941,0.683894375582895,0.15005290740310662
2012,330395,Pinheiral,RJ,Rio de Janeiro,Sul Fluminense,Vale do Paraíba Fluminense,Volta Redonda - Barra Mansa,Volta Redonda - Barra Mansa,1190.0,146.0,264.8649385288361,170.21889569076995,124.36198541338422,294.5808811041542,-29.71594257531808,-11.21928132140558
2012,330400,Piraí,RJ,Rio de Janeiro,Sul Fluminense,Vale do Paraíba Fluminense,Volta Redonda - Barra Mansa,Volta Redonda - Barra Mansa,2879.0,294.0,914.5762501506334,418.1822427702716,497.728763313489,915.9110060837606,-1.3347559331272123,-0.14594255349484245
2012,330410,Porciúncula,RJ,Rio de Janeiro,Noroeste Fluminense,Itaperuna,Itaperuna,Campos dos Goytacazes,486.0,64.0,306.9161818415638,134.261961133363,134.9442011896773,269.2061623230403,37.710019518523495,12.286748548823716
2012,330411,Porto Real,RJ,Rio de Janeiro,Sul Fluminense,Vale do Paraíba Fluminense,Resende,Volta Redonda - Barra Mansa,7500.0,276.0,1549.8658182608697,388.84980074766395,1236.6038867555176,1625.4536875031815,-75.58786924231185,-4.8770589267611735
2012,330412,Quatis,RJ,Rio de Janeiro,Sul Fluminense,Vale do Paraíba Fluminense,Resende,Volta Redonda - Barra Mansa,890.0,103.0,198.8500835605979,201.89698243404155,47.24526502993808,249.14224746397963,-50.29216390338172,-25.291497495426295
2012,330414,Queimados,RJ,Rio de Janeiro,Metropolitana do Rio de Janeiro,Rio de Janeiro,Rio de Janeiro,Rio de Janeiro,5843.0,623.0,919.4192197053502,520.0871948452177,242.9232710568765,763.0104659020942,156.408753803256,17.011690690279554
2012,330415,Quissamã,RJ,Rio de Janeiro,Norte Fluminense,Macaé,Macaé - Rio das Ostras,Macaé - Rio das Ostras - Cabo Frio,1675.0,125.0,369.09297313432853,-148.33176419719348,480.472266322196,332.1405021250025,36.95247100932602,10.011697241355352
2012,330420,Resende,RJ,Rio de Janeiro,Sul Fluminense,Vale do Paraíba Fluminense,Resende,Volta Redonda - Barra Mansa,15700.0,1662.0,1400.327324568665,810.7795372124458,603.0458057332353,1413.825342945681,-13.498018377016024,-0.9639188024252645
2012,330430,Rio Bonito,RJ,Rio de Janeiro,Metropolitana do Rio de Janeiro,Macacu-Caceribu,Rio Bonito,Rio de Janeiro,11391.0,1391.0,380.8273395963025,283.0343129563405,78.38375984573099,361.4180728020715,19.40926679423103,5.096605410421924
2012,330440,Rio Claro,RJ,Rio de Janeiro,Sul Fluminense,Vale do Paraíba Fluminense,Volta Redonda - Barra Mansa,Volta Redonda - Barra Mansa,477.0,34.0,165.30109569614012,55.11779826038162,127.31589826640322,182.43369652678484,-17.13260083064472,-10.364481105520449
2012,330450,Rio das Flores,RJ,Rio de Janeiro,Sul Fluminense,Barra do Piraí,Valença,Volta Redonda - Barra Mansa,704.0,225.0,731.0386788510099,338.4910363606981,522.8594238199763,861.3504601806744,-130.31178132966454,-17.825565883118326
2012,330452,Rio das Ostras,RJ,Rio de Janeiro,Baixadas,Bacia de São João,Macaé - Rio das Ostras,Macaé - Rio das Ostras - Cabo Frio,11490.0,566.0,1995.540224263225,1441.9996236874454,580.0593437637315,2022.0589674511768,-26.51874318795194,-1.328900458408096
2012,330455,Rio de Janeiro,RJ,Rio de Janeiro,Metropolitana do Rio de Janeiro,Rio de Janeiro,Rio de Janeiro,Rio de Janeiro,941520.0,105742.0,1616.1149144002477,503.0286619948997,1111.2396042298587,1614.2682662247585,1.8466481754892357,0.11426465773162799
2012,330460,Santa Maria Madalena,RJ,Rio de Janeiro,Centro Fluminense,Santa Maria Madalena,Nova Friburgo,Petrópolis,540.0,26.0,185.1077948717948,37.97860841049385,135.31839696448128,173.29700537497513,11.810789496819666,6.380492785298313
2012,330470,Santo Antônio de Pádua,RJ,Rio de Janeiro,Noroeste Fluminense,Santo Antônio de Pádua,Santo Antônio de Pádua,Campos dos Goytacazes,4802.0,114.0,226.81914947719133,97.38718611338106,80.91796592423361,178.30515203761468,48.513997439576656,21.388845497128173
2012,330475,São Francisco de Itabapoana,RJ,Rio de Janeiro,Norte Fluminense,Campos dos Goytacazes,Campos dos Goytacazes,Campos dos Goytacazes,1732.0,19.0,217.85036526072702,119.26155900987828,12.040054777212731,131.30161378709101,86.548751473636,39.7285317240818
2012,330480,São Fidélis,RJ,Rio de Janeiro,Norte Fluminense,Campos dos Goytacazes,Campos dos Goytacazes,Campos dos Goytacazes,2356.0,83.0,302.2647903328083,141.13787895756911,107.20042960300816,248.33830856057727,53.926481772231,17.84080829025945
2012,330490,São Gonçalo,RJ,Rio de Janeiro,Metropolitana do Rio de Janeiro,Rio de Janeiro,Rio de Janeiro,Rio de Janeiro,53825.0,3958.0,441.1693746623805,326.23269254890954,103.27650430475683,429.50919685366637,11.660177808714138,2.643016147174195
2012,330500,São João da Barra,RJ,Rio de Janeiro,Norte Fluminense,Campos dos Goytacazes,Campos dos Goytacazes,Campos dos Goytacazes,4297.0,90.0,1418.3666220360462,912.2598172869687,626.3858556380703,1538.645672925039,-120.27905088899274,-8.480110080166282
2012,330510,São João de Meriti,RJ,Rio de Janeiro,Metropolitana do Rio de Janeiro,Rio de Janeiro,Rio de Janeiro,Rio de Janeiro,21313.0,3032.0,394.5935043811444,243.4050448465431,121.2214465473935,364.6264913939366,29.967012987207795,7.594400985947848
2012,330513,São José de Ubá,RJ,Rio de Janeiro,Noroeste Fluminense,Santo Antônio de Pádua,Itaperuna,Campos dos Goytacazes,236.0,12.0,395.5504096045197,179.46249413049384,140.18315182186223,319.64564595235606,75.90476365216364,19.189656187704355
2012,330515,São José do Vale do Rio Preto,RJ,Rio de Janeiro,Metropolitana do Rio de Janeiro,Serrana,Petrópolis,Petrópolis,1646.0,204.0,187.70924874323964,80.79265509527181,101.95246875583939,182.7451238511112,4.964124892128439,2.644581940082599
2012,330520,São Pedro da Aldeia,RJ,Rio de Janeiro,Baixadas,Lagos,Cabo Frio,Macaé - Rio das Ostras - Cabo Frio,4652.0,311.0,396.46957293201694,225.40251447458388,212.79018153338495,438.19269600796883,-41.72312307595189,-10.523663333707123
2012,330530,São Sebastião do Alto,RJ,Rio de Janeiro,Centro Fluminense,Santa Maria Madalena,Nova Friburgo,Petrópolis,259.0,8.0,653.8676303088802,106.16416376306643,431.05991747572807,537.2240812387945,116.64354907008567,17.83901567584627
2012,330540,Sapucaia,RJ,Rio de Janeiro,Centro Fluminense,Três Rios,Três Rios - Paraíba do Sul,Petrópolis,2059.0,154.0,500.2199274329362,348.20784665481597,146.35212706151185,494.5599737163278,5.6599537166083564,1.1314930505976653
2012,330550,Saquarema,RJ,Rio de Janeiro,Baixadas,Lagos,Rio de Janeiro,Rio de Janeiro,9699.0,301.0,437.61415921222147,266.3553057686555,151.10211511184866,417.4574208805042,20.156738331717293,4.606052593911217
2012,330555,Seropédica,RJ,Rio de Janeiro,Metropolitana do Rio de Janeiro,Itaguaí,Rio de Janeiro,Rio de Janeiro,4352.0,125.0,581.4190566360294,294.57106296455186,204.61174203345377,499.1828049980056,82.23625163802376,14.144058523610445
2012,330560,Silva Jardim,RJ,Rio de Janeiro,Baixadas,Bacia de São João,Rio Bonito,Rio de Janeiro,1297.0,61.0,378.58655307961624,149.31430670787768,152.82156858661074,302.1358752944884,76.45067778512782,20.1937118905146
2012,330570,Sumidouro,RJ,Rio de Janeiro,Centro Fluminense,Nova Friburgo,Nova Friburgo,Petrópolis,764.0,24.0,320.9534489528795,178.87002125352421,180.61366660451654,359.48368785804075,-38.53023890516124,-12.004930631176368
2012,330575,Tanguá,RJ,Rio de Janeiro,Metropolitana do Rio de Janeiro,Rio de Janeiro,Rio de Janeiro,Rio de Janeiro,2367.0,124.0,441.4858275072571,284.97506434464754,172.5039053265955,457.478969671243,-15.993142163985908,-3.622572043657056
2012,330580,Teresópolis,RJ,Rio de Janeiro,Metropolitana do Rio de Janeiro,Serrana,Petrópolis,Petrópolis,21556.0,874.0,429.750536076965,193.16423313600717,207.14197724018572,400.3062103761929,29.444325700772083,6.851492489005024
2012,330590,Trajano de Moraes,RJ,Rio de Janeiro,Centro Fluminense,Santa Maria Madalena,Nova Friburgo,Petrópolis,306.0,9.0,298.95826797385644,-27.989103718375645,230.22968892911604,202.2405852107404,96.71768276311604,32.3515664639768
2012,330600,Três Rios,RJ,Rio de Janeiro,Centro Fluminense,Três Rios,Três Rios - Paraíba do Sul,Petrópolis,10902.0,1751.0,490.64674554236956,259.9068540381396,253.3805015591838,513.2873555973234,-22.640610054953868,-4.61444211352641
2012,330610,Valença,RJ,Rio de Janeiro,Sul Fluminense,Barra do Piraí,Valença,Volta Redonda - Barra Mansa,4305.0,526.0,498.01025731861876,139.03575597474412,355.1078018066652,494.1435577814093,3.866699537209456,0.7764296980605373
2012,330615,Varre-Sai,RJ,Rio de Janeiro,Noroeste Fluminense,Itaperuna,Itaperuna,Campos dos Goytacazes,200.0,13.0,396.7307038461538,241.54140791027123,47.74039239159379,289.281800301865,107.44890354428878,27.083586549418133
2012,330620,Vassouras,RJ,Rio de Janeiro,Metropolitana do Rio de Janeiro,Vassouras,Valença,Volta Redonda - Barra Mansa,2905.0,387.0,807.9247025844239,166.86107529052174,610.8062740869497,777.6673493774714,30.25735320695253,3.7450709342298882
2012,330630,Volta Redonda,RJ,Rio de Janeiro,Sul Fluminense,Vale do Paraíba Fluminense,Volta Redonda - Barra Mansa,Volta Redonda - Barra Mansa,36262.0,4652.0,898.3889582003579,576.6809387649889,323.51050665736034,900.1914454223493,-1.8024872219913277,-0.2006355048710804
2013,330010,Angra dos Reis,RJ,Rio de Janeiro,Sul Fluminense,Baía da Ilha Grande,Angra dos Reis,Rio de Janeiro,20773.0,804.0,1421.9662038158028,1276.4799893750787,12.507018880055057,1288.9870082551338,132.97919556066904,9.351783129853821
2013,330015,Aperibé,RJ,Rio de Janeiro,Noroeste Fluminense,Santo Antônio de Pádua,Santo Antônio de Pádua,Campos dos Goytacazes,846.0,15.0,274.03150827423156,172.729967842502,49.77563694031494,222.50560478281693,51.525903491414624,18.802912050482572
2013,330020,Araruama,RJ,Rio de Janeiro,Baixadas,Lagos,Cabo Frio,Macaé - Rio das Ostras - Cabo Frio,9243.0,765.0,444.31054526477897,261.6819175350331,171.3415467685336,433.0234643035667,11.287080961212268,2.5403585581084807
2013,330022,Areal,RJ,Rio de Janeiro,Centro Fluminense,Três Rios,Petrópolis,Petrópolis,1623.0,446.0,480.6966464555205,-61.389867966066504,447.28635570572214,385.89648773965564,94.80015871586488,19.72141046019069
2013,330023,Armação dos Búzios,RJ,Rio de Janeiro,Baixadas,Lagos,Cabo Frio,Macaé - Rio das Ostras - Cabo Frio,4504.0,621.0,400.07358155427437,34.54790623606391,261.0018456581597,295.5497518942236,104.52382966005075,26.126151407943176
2013,330025,Arraial do Cabo,RJ,Rio de Janeiro,Baixadas,Lagos,Cabo Frio,Macaé - Rio das Ostras - Cabo Frio,2243.0,142.0,668.1376248485113,533.2732899792024,-20.013931392054474,513.259358587148,154.87826626136336,23.180593413891238
2013,330030,Barra do Piraí,RJ,Rio de Janeiro,Sul Fluminense,Barra do Piraí,Volta Redonda - Barra Mansa,Volta Redonda - Barra Mansa,6197.0,1460.0,701.7792422371853,342.861283291413,330.7337738861936,673.5950571776066,28.18418505957868,4.016104119827054
2013,330040,Barra Mansa,RJ,Rio de Janeiro,Sul Fluminense,Vale do Paraíba Fluminense,Volta Redonda - Barra Mansa,Volta Redonda - Barra Mansa,16837.0,2199.0,775.6105160195949,431.837435643557,346.1590135838428,777.9964492273998,-2.3859332078048965,-0.30762001784728493
2013,330045,Belford Roxo,RJ,Rio de Janeiro,Metropolitana do Rio de Janeiro,Rio de Janeiro,Rio de Janeiro,Rio de Janeiro,12173.0,1131.0,751.8697126956113,478.54716258691815,290.5524609506899,769.0996235376081,-17.229910841996798,-2.291608579393887
2013,330050,Bom Jardim,RJ,Rio de Janeiro,Centro Fluminense,Nova Friburgo,Nova Friburgo,Petrópolis,3396.0,205.0,316.623587376828,205.8440065025144,88.7378777029154,294.5818842054298,22.04170317139824,6.9614848830467615
2013,330060,Bom Jesus do Itabapoana,RJ,Rio de Janeiro,Noroeste Fluminense,Itaperuna,Itaperuna,Campos dos Goytacazes,3259.0,364.0,327.50722438960247,173.94661121221077,140.5540217039253,314.50063291613606,13.006591473466415,3.971390706787518
2013,330070,Cabo Frio,RJ,Rio de Janeiro,Baixadas,Lagos,Cabo Frio,Macaé - Rio das Ostras - Cabo Frio,18170.0,1293.0,390.43488545238074,220.26500183433836,154.94673157150874,375.2117334058471,15.223152046533642,3.899024552812489
2013,330080,Cachoeiras de Macacu,RJ,Rio de Janeiro,Metropolitana do Rio de Janeiro,Macacu-Caceribu,Rio Bonito,Rio de Janeiro,4866.0,211.0,531.8567957273899,485.15829197760354,-103.09316021320728,382.06513176439626,149.79166396299365,28.163909000755027
2013,330090,Cambuci,RJ,Rio de Janeiro,Noroeste Fluminense,Santo Antônio de Pádua,Santo Antônio de Pádua,Campos dos Goytacazes,476.0,62.0,323.6468656817566,-32.47300486166341,278.0692897953006,245.5962849336372,78.05058074811939,24.115969911745374
2013,330093,Carapebus,RJ,Rio de Janeiro,Norte Fluminense,Macaé,Macaé - Rio das Ostras,Macaé - Rio das Ostras - Cabo Frio,322.0,29.0,1001.3024330691798,416.474812229136,559.4305455537371,975.9053577828731,25.39707528630663,2.5364040321424
2013,330095,Comendador Levy Gasparian,RJ,Rio de Janeiro,Centro Fluminense,Três Rios,Três Rios - Paraíba do Sul,Petrópolis,1154.0,408.0,530.4145684235568,-62.73744045834292,565.030466664163,502.29302620582007,28.12154221773676,5.301804266296209
2013,330100,Campos dos Goytacazes,RJ,Rio de Janeiro,Norte Fluminense,Campos dos Goytacazes,Campos dos Goytacazes,Campos dos Goytacazes,54087.0,3763.0,241.59052138388802,156.92887075787075,59.807797455358696,216.73666821322945,24.853853170658567,10.28759449182434
2013,330110,Cantagalo,RJ,Rio de Janeiro,Centro Fluminense,Cantagalo-Cordeiro,Nova Friburgo,Petrópolis,1963.0,158.0,850.5456337174433,664.3264004032758,337.3247022892335,1001.6511026925093,-151.10546897506606,-17.765709796737873
2013,330115,Cardoso Moreira,RJ,Rio de Janeiro,Norte Fluminense,Campos dos Goytacazes,Campos dos Goytacazes,Campos dos Goytacazes,493.0,11.0,-66.89719896736119,-14.37399200621121,100.37912756408753,86.00513555787632,-152.9023345252375,228.56313401079436
2013,330120,Carmo,RJ,Rio de Janeiro,Centro Fluminense,Cantagalo-Cordeiro,Nova Friburgo,Petrópolis,1144.0,99.0,174.91670551670552,48.14817617430231,146.78429930970321,194.93247548400552,-20.015769967300002,-11.443029359701944
2013,330130,Casimiro de Abreu,RJ,Rio de Janeiro,Baixadas,Bacia de São João,Macaé - Rio das Ostras,Macaé - Rio das Ostras - Cabo Frio,2642.0,203.0,158.28429928811943,132.78760518786817,66.60992191319247,199.39752710106063,-41.113227812941204,-25.974293090247834
2013,330140,Conceição de Macabu,RJ,Rio de Janeiro,Norte Fluminense,Macaé,Macaé - Rio das Ostras,Macaé - Rio das Ostras - Cabo Frio,958.0,25.0,687.5830793319413,579.0740454985794,-31.17524079409236,547.898804704487,139.68427462745433,20.315257723208106
2013,330150,Cordeiro,RJ,Rio de Janeiro,Centro Fluminense,Cantagalo-Cordeiro,Nova Friburgo,Petrópolis,2512.0,255.0,496.3029412545271,380.289197298358,99.29564019536633,479.5848374937243,16.71810376080282,3.3685280442916015
2013,330160,Duas Barras,RJ,Rio de Janeiro,Centro Fluminense,Nova Friburgo,Nova Friburgo,Petrópolis,781.0,43.0,284.1651147902212,280.04792253086407,-166.28128817075594,113.76663436010813,170.39848043011307,59.964602113776735
2013,330170,Duque de Caxias,RJ,Rio de Janeiro,Metropolitana do Rio de Janeiro,Rio de Janeiro,Rio de Janeiro,Rio de Janeiro,68724.0,8859.0,1111.9065360422337,678.3566045122693,458.285021656023,1136.6416261682923,-24.735090126058594,-2.224565583911549
2013,330180,Engenheiro Paulo de Frontin,RJ,Rio de Janeiro,Metropolitana do Rio de Janeiro,Vassouras,Volta Redonda - Barra Mansa,Volta Redonda - Barra Mansa,461.0,74.0,311.7413035703819,91.54184228821873,187.49110852812714,279.0329508163459,32.708352754036014,10.492146013193098
2013,330185,Guapimirim,RJ,Rio de Janeiro,Metropolitana do Rio de Janeiro,Rio de Janeiro,Rio de Janeiro,Rio de Janeiro,2569.0,140.0,440.7948135461269,321.55662003656425,89.01072597714483,410.5673460137091,30.22746753241779,6.857491649968028
2013,330187,Iguaba Grande,RJ,Rio de Janeiro,Baixadas,Lagos,Cabo Frio,Macaé - Rio das Ostras - Cabo Frio,1258.0,49.0,30.856483241945625,72.91553070639566,-45.0109195555558,27.904611150839855,2.95187209110577,9.566456643682129
2013,330190,Itaboraí,RJ,Rio de Janeiro,Metropolitana do Rio de Janeiro,Rio de Janeiro,Rio de Janeiro,Rio de Janeiro,22987.0,887.0,1158.9679515037883,1009.6459921542576,10.272929594444122,1019.9189217487017,139.04902975508662,11.997659605226117
2013,330200,Itaguaí,RJ,Rio de Janeiro,Metropolitana do Rio de Janeiro,Itaguaí,Rio de Janeiro,Rio de Janeiro,11660.0,760.0,1453.521957479462,1055.7002051143763,535.9807853112027,1591.680990425579,-138.15903294611712,-9.505121834258173
2013,330205,Italva,RJ,Rio de Janeiro,Noroeste Fluminense,Itaperuna,Campos dos Goytacazes,Campos dos Goytacazes,773.0,15.0,265.0748667529107,84.83271225378564,129.9937019329368,214.82641418672245,50.248452566188234,18.956324747689976
2013,330210,Itaocara,RJ,Rio de Janeiro,Noroeste Fluminense,Santo Antônio de Pádua,Santo Antônio de Pádua,Campos dos Goytacazes,1495.0,144.0,316.21612969156445,147.08579813384813,204.7243805514396,351.8101786852877,-35.59404899372328,-11.256240795952289
2013,330220,Itaperuna,RJ,Rio de Janeiro,Noroeste Fluminense,Itaperuna,Itaperuna,Campos dos Goytacazes,10983.0,1039.0,311.7814278239264,101.3463364951674,229.50930724175328,330.8556437369207,-19.074215912994305,-6.117816589051663
2013,330225,Itatiaia,RJ,Rio de Janeiro,Sul Fluminense,Vale do Paraíba Fluminense,Resende,Volta Redonda - Barra Mansa,3022.0,278.0,1616.823829828262,1047.1750272116158,734.7232750474657,1781.8983022590814,-165.07447243081947,-10.20979957033127
2013,330227,Japeri,RJ,Rio de Janeiro,Metropolitana do Rio de Janeiro,Rio de Janeiro,Rio de Janeiro,Rio de Janeiro,2047.0,173.0,376.30029717816285,201.7162193383556,139.54676073550831,341.2629800738639,35.03731710429895,9.31099905236328
2013,330230,Laje do Muriaé,RJ,Rio de Janeiro,Noroeste Fluminense,Itaperuna,Itaperuna,Campos dos Goytacazes,224.0,7.0,256.2389285714287,2.6331999999997606,133.2705435435438,135.90374354354356,120.33518502788513,46.96210123058672
2013,330240,Macaé,RJ,Rio de Janeiro,Norte Fluminense,Macaé,Macaé - Rio das Ostras,Macaé - Rio das Ostras - Cabo Frio,63776.0,4171.0,4331.710066836623,2916.851771539433,1834.2122871644083,4751.0640587038415,-419.3539918672186,-9.681026324401854
2013,330245,Macuco,RJ,Rio de Janeiro,Centro Fluminense,Cantagalo-Cordeiro,Nova Friburgo,Petrópolis,503.0,70.0,473.8551175802328,206.11932849459163,263.48718738496973,469.60651587956136,4.248601700671429,0.8966035277548858
2013,330250,Magé,RJ,Rio de Janeiro,Metropolitana do Rio de Janeiro,Rio de Janeiro,Rio de Janeiro,Rio de Janeiro,8832.0,765.0,388.2839894590081,343.3196085661732,116.93795445785918,460.2575630240324,-71.97357356502425,-18.536322773778092
2013,330260,Mangaratiba,RJ,Rio de Janeiro,Metropolitana do Rio de Janeiro,Itaguaí,Rio de Janeiro,Rio de Janeiro,2097.0,94.0,602.9247792692702,412.2179078160011,-50.60054388283538,361.61736393316573,241.30741533610444,40.02280610005165
2013,330270,Maricá,RJ,Rio de Janeiro,Metropolitana do Rio de Janeiro,Rio de Janeiro,Rio de Janeiro,Rio de Janeiro,7789.0,195.0,295.63524397654805,243.23161144259018,-67.26301574323043,175.96859569935975,119.6666482771883,40.47780185730533
2013,330280,Mendes,RJ,Rio de Janeiro,Metropolitana do Rio de Janeiro,Vassouras,Volta Redonda - Barra Mansa,Volta Redonda - Barra Mansa,366.0,64.0,149.2306437841528,154.93849434781885,112.61641042471024,267.5549047725291,-118.3242609883763,-79.28951989212116
2013,330285,Mesquita,RJ,Rio de Janeiro,Metropolitana do Rio de Janeiro,Rio de Janeiro,Rio de Janeiro,Rio de Janeiro,6165.0,622.0,255.2642428291647,193.73753554042264,103.78043303534946,297.5179685757721,-42.253725746607415,-16.552935608331822
2013,330290,Miguel Pereira,RJ,Rio de Janeiro,Metropolitana do Rio de Janeiro,Vassouras,Valença,Volta Redonda - Barra Mansa,1103.0,149.0,401.81660212842326,94.90276508841248,290.5972650330275,385.50003012144,16.31657200698328,4.060701305161203
2013,330300,Miracema,RJ,Rio de Janeiro,Noroeste Fluminense,Santo Antônio de Pádua,Santo Antônio de Pádua,Campos dos Goytacazes,1733.0,122.0,265.72603147200437,24.447508021390604,235.122795877925,259.5703038993156,6.155727572688761,2.3165692644370446
2013,330310,Natividade,RJ,Rio de Janeiro,Noroeste Fluminense,Itaperuna,Itaperuna,Campos dos Goytacazes,601.0,49.0,449.6678043397061,152.99900132005519,296.35916731825387,449.35816863830905,0.3096357013970419,0.06885876605102118
2013,330320,Nilópolis,RJ,Rio de Janeiro,Metropolitana do Rio de Janeiro,Rio de Janeiro,Rio de Janeiro,Rio de Janeiro,6134.0,1130.0,282.6671590323483,169.91296306039794,119.37403380870433,289.28699686910227,-6.619837836753959,-2.3419196837070086
2013,330330,Niterói,RJ,Rio de Janeiro,Metropolitana do Rio de Janeiro,Rio de Janeiro,Rio de Janeiro,Rio de Janeiro,93617.0,7460.0,939.713132298916,547.94643845674,381.2652821918073,929.2117206485473,10.50141165036871,1.1175124928474751
2013,330340,Nova Friburgo,RJ,Rio de Janeiro,Centro Fluminense,Nova Friburgo,Nova Friburgo,Petrópolis,31214.0,2332.0,306.3276915779534,184.36423126494333,129.2531104542079,313.6173417191512,-7.289650141197853,-2.3796902276929166
2013,330350,Nova Iguaçu,RJ,Rio de Janeiro,Metropolitana do Rio de Janeiro,Rio de Janeiro,Rio de Janeiro,Rio de Janeiro,33350.0,5132.0,518.3706928423941,321.59240187399837,186.6727298426838,508.26513171668216,10.105561125711915,1.9494854291047699
2013,330360,Paracambi,RJ,Rio de Janeiro,Metropolitana do Rio de Janeiro,Vassouras,Rio de Janeiro,Rio de Janeiro,2632.0,131.0,320.518800755238,169.47269361573558,148.83085775920085,318.30355137493643,2.215249380301543,0.6911449110260472
2013,330370,Paraíba do Sul,RJ,Rio de Janeiro,Centro Fluminense,Três Rios,Três Rios - Paraíba do Sul,Petrópolis,3290.0,558.0,493.2210872525627,254.43910454606498,228.29143356632562,482.7305381123906,10.490549140172106,2.126946598858664
2013,330380,Paraty,RJ,Rio de Janeiro,Sul Fluminense,Baía da Ilha Grande,Angra dos Reis,Rio de Janeiro,3400.0,137.0,-163.85410493774134,122.90570092763369,-101.41625881781079,21.489442109822903,-185.34354704756424,113.11498550371266
2013,330385,Paty do Alferes,RJ,Rio de Janeiro,Metropolitana do Rio de Janeiro,Vassouras,Valença,Volta Redonda - Barra Mansa,1154.0,124.0,271.00653547268985,155.95753730879244,132.9801142985208,288.9376516073132,-17.93111613462338,-6.616488456024838
2013,330390,Petrópolis,RJ,Rio de Janeiro,Metropolitana do Rio de Janeiro,Serrana,Petrópolis,Petrópolis,44673.0,2982.0,518.4580238305348,278.7134916608429,248.07900948236488,526.7925011432078,-8.334477312673016,-1.6075510320189885
2013,330395,Pinheiral,RJ,Rio de Janeiro,Sul Fluminense,Vale do Paraíba Fluminense,Volta Redonda - Barra Mansa,Volta Redonda - Barra Mansa,1147.0,130.0,332.32525088860564,256.7653987830947,106.31468212260961,363.08008090570434,-30.754830017098698,-9.254436710681253
2013,330400,Piraí,RJ,Rio de Janeiro,Sul Fluminense,Vale do Paraíba Fluminense,Volta Redonda - Barra Mansa,Volta Redonda - Barra Mansa,2809.0,321.0,952.7464165582592,384.6631581312861,526.7125739076137,911.3757320388997,41.37068451935943,4.342255588723032
2013,330410,Porciúncula,RJ,Rio de Janeiro,Noroeste Fluminense,Itaperuna,Itaperuna,Campos dos Goytacazes,520.0,66.0,420.4519895104893,137.54520356192984,256.9420521595466,394.48725572147646,25.964733789012826,6.175433684888073
2013,330411,Porto Real,RJ,Rio de Janeiro,Sul Fluminense,Vale do Paraíba Fluminense,Resende,Volta Redonda - Barra Mansa,7666.0,369.0,1763.26413637241,524.925489556048,1273.1917484037149,1798.1172379597629,-34.85310158735297,-1.9766239707600917
2013,330412,Quatis,RJ,Rio de Janeiro,Sul Fluminense,Vale do Paraíba Fluminense,Resende,Volta Redonda - Barra Mansa,889.0,105.0,98.19096062992139,188.04441655627113,-31.14247332830564,156.9019432279655,-58.7109825980441,-59.792655272336034
2013,330414,Queimados,RJ,Rio de Janeiro,Metropolitana do Rio de Janeiro,Rio de Janeiro,Rio de Janeiro,Rio de Janeiro,6043.0,402.0,700.8205467697094,428.8653880699353,165.0717284962809,593.9371165662162,106.88343020349316,15.251183872412236
2013,330415,Quissamã,RJ,Rio de Janeiro,Norte Fluminense,Macaé,Macaé - Rio das Ostras,Macaé - Rio das Ostras - Cabo Frio,1810.0,105.0,280.00901946856084,-60.98740146814271,348.96379840299255,287.97639693484984,-7.967377466289008,-2.8454002951085573
2013,330420,Resende,RJ,Rio de Janeiro,Sul Fluminense,Vale do Paraíba Fluminense,Resende,Volta Redonda - Barra Mansa,15823.0,1672.0,1593.8063106299746,870.5768071081002,726.5822682374176,1597.1590753455177,-3.352764715543117,-0.21036211823116002
2013,330430,Rio Bonito,RJ,Rio de Janeiro,Metropolitana do Rio de Janeiro,Macacu-Caceribu,Rio Bonito,Rio de Janeiro,11393.0,1256.0,505.9097426162896,312.9627856484101,185.6507943214026,498.6135799698127,7.296162646476887,1.442186625769472
2013,330440,Rio Claro,RJ,Rio de Janeiro,Sul Fluminense,Vale do Paraíba Fluminense,Volta Redonda - Barra Mansa,Volta Redonda - Barra Mansa,486.0,53.0,302.7964313999537,152.14550217185194,139.71579546841065,291.8612976402626,10.935133759691098,3.611381319500178
2013,330450,Rio das Flores,RJ,Rio de Janeiro,Sul Fluminense,Barra do Piraí,Valença,Volta Redonda - Barra Mansa,1009.0,236.0,852.9094911474696,404.120868576289,607.0892385385421,1011.2101071148311,-158.30061596736152,-18.560072036997777
2013,330452,Rio das Ostras,RJ,Rio de Janeiro,Baixadas,Bacia de São João,Macaé - Rio das Ostras,Macaé - Rio das Ostras - Cabo Frio,17058.0,2067.0,1949.3068586684785,1193.740206082011,765.7766915316515,1959.5168976136624,-10.210038945183896,-0.5237779213560102
2013,330455,Rio de Janeiro,RJ,Rio de Janeiro,Metropolitana do Rio de Janeiro,Rio de Janeiro,Rio de Janeiro,Rio de Janeiro,936660.0,112025.0,1841.6062268472706,591.8120291846888,1254.0820790546932,1845.894108239382,-4.287881392111331,-0.23283378007751143
2013,330460,Santa Maria Madalena,RJ,Rio de Janeiro,Centro Fluminense,Santa Maria Madalena,Nova Friburgo,Petrópolis,502.0,24.0,131.25912018592305,93.49739541647284,120.90034505014398,214.39774046661682,-83.13862028069377,-63.33930942317105
2013,330470,Santo Antônio de Pádua,RJ,Rio de Janeiro,Noroeste Fluminense,Santo Antônio de Pádua,Santo Antônio de Pádua,Campos dos Goytacazes,4729.0,144.0,476.92460365710406,64.6508359887182,317.03887674668533,381.68971273540353,95.23489092170053,19.968542237374663
2013,330475,São Francisco de Itabapoana,RJ,Rio de Janeiro,Norte Fluminense,Campos dos Goytacazes,Campos dos Goytacazes,Campos dos Goytacazes,2033.0,24.0,183.73148712903742,116.52240889192444,6.190358635491066,122.71276752741551,61.01871960162191,33.210812449783056
2013,330480,São Fidélis,RJ,Rio de Janeiro,Norte Fluminense,Campos dos Goytacazes,Campos dos Goytacazes,Campos dos Goytacazes,2200.0,93.0,340.21413103616817,204.99218042465327,115.78722125920967,320.77940168386294,19.434729352305226,5.712499152552578
2013,330490,São Gonçalo,RJ,Rio de Janeiro,Metropolitana do Rio de Janeiro,Rio de Janeiro,Rio de Janeiro,Rio de Janeiro,55049.0,4699.0,543.8034908922543,420.9957985437891,128.29964234807358,549.2954408918627,-5.491949999608323,-1.0099144436526728
2013,330500,São João da Barra,RJ,Rio de Janeiro,Norte Fluminense,Campos dos Goytacazes,Campos dos Goytacazes,Campos dos Goytacazes,4827.0,123.0,1400.6506931033264,775.73233476277,473.690720894582,1249.423055657352,151.22763744597432,10.796955885618386
2013,330510,São João de Meriti,RJ,Rio de Janeiro,Metropolitana do Rio de Janeiro,Rio de Janeiro,Rio de Janeiro,Rio de Janeiro,20502.0,2670.0,395.0477020657893,313.52354626268266,69.71302249524229,383.23656875792494,11.811133307864338,2.9897992688228245
2013,330513,São José de Ubá,RJ,Rio de Janeiro,Noroeste Fluminense,Santo Antônio de Pádua,Itaperuna,Campos dos Goytacazes,259.0,15.0,310.5352561132563,60.84746059198528,215.93619420482185,276.7836547968071,33.75160131644918,10.868846822384485
2013,330515,São José do Vale do Rio Preto,RJ,Rio de Janeiro,Metropolitana do Rio de Janeiro,Serrana,Petrópolis,Petrópolis,1655.0,225.0,231.3125150721719,124.21521632672568,122.28385245328514,246.49906878001082,-15.186553707838925,-6.565383504260702
2013,330520,São Pedro da Aldeia,RJ,Rio de Janeiro,Baixadas,Lagos,Cabo Frio,Macaé - Rio das Ostras - Cabo Frio,5381.0,368.0,495.62748796086055,241.34464201835658,253.44011018921913,494.7847522075757,0.8427357532848418,0.17003410298167163
2013,330530,São Sebastião do Alto,RJ,Rio de Janeiro,Centro Fluminense,Santa Maria Madalena,Nova Friburgo,Petrópolis,301.0,11.0,512.3746753246754,-22.653693558474288,376.11184601113166,353.4581524526574,158.91652287201805,31.015686474222743
2013,330540,Sapucaia,RJ,Rio de Janeiro,Centro Fluminense,Três Rios,Três Rios - Paraíba do Sul,Petrópolis,2011.0,159.0,480.4901429558812,332.8803082968519,123.56027317345115,456.4405814703031,24.049561485578124,5.005214329191008
2013,330550,Saquarema,RJ,Rio de Janeiro,Baixadas,Lagos,Rio de Janeiro,Rio de Janeiro,10406.0,583.0,680.4583783122218,448.3646321119752,271.6110249366882,719.9756570486634,-39.51727873644154,-5.807449800891336
2013,330555,Seropédica,RJ,Rio de Janeiro,Metropolitana do Rio de Janeiro,Itaguaí,Rio de Janeiro,Rio de Janeiro,5706.0,144.0,640.8935681738521,564.1952049640599,-76.43515393772782,487.7600510263321,153.13351714752002,23.89375159183689
2013,330560,Silva Jardim,RJ,Rio de Janeiro,Baixadas,Bacia de São João,Rio Bonito,Rio de Janeiro,1382.0,49.0,412.15146268348167,274.0199434983457,34.2259068670794,308.2458503654251,103.90561231805657,25.210540717612968
2013,330570,Sumidouro,RJ,Rio de Janeiro,Centro Fluminense,Nova Friburgo,Nova Friburgo,Petrópolis,779.0,20.0,359.6625231065468,279.1291038097012,154.7328758667344,433.86197967643557,-74.19945656988875,-20.630299740156087
2013,330575,Tanguá,RJ,Rio de Janeiro,Metropolitana do Rio de Janeiro,Rio de Janeiro,Rio de Janeiro,Rio de Janeiro,2274.0,114.0,450.38822455214563,300.6719373791111,177.13798152404524,477.80991890315636,-27.42169435101073,-6.088457214501589
2013,330580,Teresópolis,RJ,Rio de Janeiro,Metropolitana do Rio de Janeiro,Serrana,Petrópolis,Petrópolis,22130.0,1085.0,364.4110409519784,221.75432927669954,141.69768694452728,363.4520162212268,0.9590247307515938,0.2631711509745317
2013,330590,Trajano de Moraes,RJ,Rio de Janeiro,Centro Fluminense,Santa Maria Madalena,Nova Friburgo,Petrópolis,379.0,12.0,256.90619173262974,-34.07742810569698,258.36818125000013,224.29075314430315,32.61543858832658,12.69546614208134
2013,330600,Três Rios,RJ,Rio de Janeiro,Centro Fluminense,Três Rios,Três Rios - Paraíba do Sul,Petrópolis,11044.0,2026.0,527.2486143642247,255.7907811906225,270.7043306003022,526.4951117909247,0.7535025733000111,0.1429121960251354
2013,330610,Valença,RJ,Rio de Janeiro,Sul Fluminense,Barra do Piraí,Valença,Volta Redonda - Barra Mansa,4358.0,731.0,583.3276716185903,131.25448751726913,424.4419377648759,555.696425282145,27.631246336445315,4.7368310609670585
2013,330615,Varre-Sai,RJ,Rio de Janeiro,Noroeste Fluminense,Itaperuna,Itaperuna,Campos dos Goytacazes,218.0,20.0,556.2841605504589,280.63052260264124,307.90701336873065,588.5375359713719,-32.25337542091302,-5.7980035579293485
2013,330620,Vassouras,RJ,Rio de Janeiro,Metropolitana do Rio de Janeiro,Vassouras,Valença,Volta Redonda - Barra Mansa,2361.0,440.0,845.3911329656154,150.2811545947834,647.7951659437241,798.0763205385075,47.31481242710788,5.596795445574222
2013,330630,Volta Redonda,RJ,Rio de Janeiro,Sul Fluminense,Vale do Paraíba Fluminense,Volta Redonda - Barra Mansa,Volta Redonda - Barra Mansa,33922.0,5033.0,950.8257237252701,566.5952877174766,380.34516878802424,946.9404565055008,3.8852672197692755,0.4086203310262857
2014,330010,Angra dos Reis,RJ,Rio de Janeiro,Sul Fluminense,Baía da Ilha Grande,Angra dos Reis,Rio de Janeiro,20669.0,1058.0,1573.835838240167,1390.3748176822492,117.3066923447218,1507.681510026971,66.1543282131961,4.203381738159464
2014,330015,Aperibé,RJ,Rio de Janeiro,Noroeste Fluminense,Santo Antônio de Pádua,Santo Antônio de Pádua,Campos dos Goytacazes,752.0,19.0,351.59299062150046,210.03993585685396,99.2893374619307,309.32927331878466,42.263717302715804,12.020637051952455
2014,330020,Araruama,RJ,Rio de Janeiro,Baixadas,Lagos,Cabo Frio,Macaé - Rio das Ostras - Cabo Frio,8638.0,832.0,422.3458617056567,218.08391051473996,120.93201203289027,339.0159225476302,83.32993915802649,19.730260602411487
2014,330022,Areal,RJ,Rio de Janeiro,Centro Fluminense,Três Rios,Petrópolis,Petrópolis,1579.0,343.0,386.9312017976464,171.6072530683607,258.3715571372336,429.9788102055943,-43.047608407947905,-11.12539082088824
2014,330023,Armação dos Búzios,RJ,Rio de Janeiro,Baixadas,Lagos,Cabo Frio,Macaé - Rio das Ostras - Cabo Frio,4094.0,542.0,337.75179598620616,121.45290751751781,128.95006839131747,250.4029759088353,87.34882007737087,25.861837335999898
2014,330025,Arraial do Cabo,RJ,Rio de Janeiro,Baixadas,Lagos,Cabo Frio,Macaé - Rio das Ostras - Cabo Frio,1957.0,153.0,799.9496565037189,547.1841203774629,161.78892301726933,708.9730433947323,90.97661310898661,11.372792321283242
2014,330030,Barra do Piraí,RJ,Rio de Janeiro,Sul Fluminense,Barra do Piraí,Volta Redonda - Barra Mansa,Volta Redonda - Barra Mansa,5954.0,1535.0,686.1169683917636,284.5950577862816,374.07317305254514,658.6682308388267,27.448737552936905,4.000591563458323
2014,330040,Barra Mansa,RJ,Rio de Janeiro,Sul Fluminense,Vale do Paraíba Fluminense,Volta Redonda - Barra Mansa,Volta Redonda - Barra Mansa,16709.0,2000.0,802.4434761439943,447.1139354696704,362.4236692058696,809.53760467554,-7.094128531545721,-0.8840658242541081
2014,330045,Belford Roxo,RJ,Rio de Janeiro,Metropolitana do Rio de Janeiro,Rio de Janeiro,Rio de Janeiro,Rio de Janeiro,11486.0,1199.0,851.6739902774632,516.2172215499065,334.81134701516316,851.0285685650697,0.6454217123934995,0.07578271965112265
2014,330050,Bom Jardim,RJ,Rio de Janeiro,Centro Fluminense,Nova Friburgo,Nova Friburgo,Petrópolis,3373.0,359.0,201.2902391595719,306.43477930357517,-165.98228844662162,140.45249085695355,60.837748302618365,30.223893894025096
2014,330060,Bom Jesus do Itabapoana,RJ,Rio de Janeiro,Noroeste Fluminense,Itaperuna,Itaperuna,Campos dos Goytacazes,3129.0,399.0,308.14299238027957,130.43899503718922,155.55227958829096,285.9912746254802,22.151717754799392,7.1887786847548805
2014,330070,Cabo Frio,RJ,Rio de Janeiro,Baixadas,Lagos,Cabo Frio,Macaé - Rio das Ostras - Cabo Frio,17763.0,1588.0,421.8103306426442,259.36685100760656,151.33450323250918,410.70135424011573,11.10897640252847,2.6336425629034546
2014,330080,Cachoeiras de Macacu,RJ,Rio de Janeiro,Metropolitana do Rio de Janeiro,Macacu-Caceribu,Rio Bonito,Rio de Janeiro,4228.0,170.0,440.6339649952697,357.54560321102485,42.456263849802326,400.0018670608272,40.63209793444253,9.221281417758778
2014,330090,Cambuci,RJ,Rio de Janeiro,Noroeste Fluminense,Santo Antônio de Pádua,Santo Antônio de Pádua,Campos dos Goytacazes,386.0,54.0,247.9906073690272,39.33118309859174,179.43752805165866,218.7687111502504,29.221896218776806,11.78346895021415
2014,330093,Carapebus,RJ,Rio de Janeiro,Norte Fluminense,Macaé,Macaé - Rio das Ostras,Macaé - Rio das Ostras - Cabo Frio,247.0,39.0,975.1520782726047,396.5053303071827,572.8959293036878,969.4012596108705,5.750818661734229,0.5897355694427984
2014,330095,Comendador Levy Gasparian,RJ,Rio de Janeiro,Centro Fluminense,Três Rios,Três Rios - Paraíba do Sul,Petrópolis,998.0,294.0,638.6713145338294,380.72560743549934,352.75379925666505,733.4794066921644,-94.80809215833494,-14.844582808222102
2014,330100,Campos dos Goytacazes,RJ,Rio de Janeiro,Norte Fluminense,Campos dos Goytacazes,Campos dos Goytacazes,Campos dos Goytacazes,53651.0,4097.0,360.2357748848592,171.0819849186139,151.24004588991693,322.3220308085308,37.913744076328385,10.524702630783022
2014,330110,Cantagalo,RJ,Rio de Janeiro,Centro Fluminense,Cantagalo-Cordeiro,Nova Friburgo,Petrópolis,1913.0,188.0,1183.7206111043145,832.4714666804048,496.1786219201613,1328.650088600566,-144.9294774962516,-12.243554444916208
2014,330115,Cardoso Moreira,RJ,Rio de Janeiro,Norte Fluminense,Campos dos Goytacazes,Campos dos Goytacazes,Campos dos Goytacazes,679.0,7.0,67.74911634757018,90.50757540082054,-98.61274049271674,-8.105165091896197,75.85428143946638,111.9634993470832
2014,330120,Carmo,RJ,Rio de Janeiro,Centro Fluminense,Cantagalo-Cordeiro,Nova Friburgo,Petrópolis,1141.0,107.0,165.8098156232852,66.78853333333336,111.67523180667854,178.4637651400119,-12.653949516726698,-7.63160460022227
2014,330130,Casimiro de Abreu,RJ,Rio de Janeiro,Baixadas,Bacia de São João,Macaé - Rio das Ostras,Macaé - Rio das Ostras - Cabo Frio,2894.0,172.0,356.36403211938114,198.73428881655082,138.4015728194031,337.1358616359539,19.22817048342722,5.395654092550458
2014,330140,Conceição de Macabu,RJ,Rio de Janeiro,Norte Fluminense,Macaé,Macaé - Rio das Ostras,Macaé - Rio das Ostras - Cabo Frio,849.0,48.0,483.3783870730274,563.211337057166,134.01147462496033,697.2228116821263,-213.84442460909895,-44.23955028357359
2014,330150,Cordeiro,RJ,Rio de Janeiro,Centro Fluminense,Cantagalo-Cordeiro,Nova Friburgo,Petrópolis,2262.0,333.0,459.82370325232375,368.23898002346345,68.26112188714842,436.5001019106119,23.32360134171188,5.072292092979226
2014,330160,Duas Barras,RJ,Rio de Janeiro,Centro Fluminense,Nova Friburgo,Nova Friburgo,Petrópolis,808.0,49.0,220.41822590422316,169.25293107344646,79.61827083937737,248.87120191282384,-28.45297600860067,-12.908631258543995
2014,330170,Duque de Caxias,RJ,Rio de Janeiro,Metropolitana do Rio de Janeiro,Rio de Janeiro,Rio de Janeiro,Rio de Janeiro,59368.0,8740.0,1157.4271596593965,663.8869255906054,519.494042820076,1183.3809684106814,-25.953808751284896,-2.242370807932526
2014,330180,Engenheiro Paulo de Frontin,RJ,Rio de Janeiro,Metropolitana do Rio de Janeiro,Vassouras,Volta Redonda - Barra Mansa,Volta Redonda - Barra Mansa,732.0,82.0,11.235545115287323,17.1196356754906,60.88053989507466,78.00017557056526,-66.76463045527794,-594.2268912652628
2014,330185,Guapimirim,RJ,Rio de Janeiro,Metropolitana do Rio de Janeiro,Rio de Janeiro,Rio de Janeiro,Rio de Janeiro,2395.0,158.0,385.2638251103301,317.44446264079284,77.70994859742177,395.1544112382146,-9.89058612788449,-2.5672241937202562
2014,330187,Iguaba Grande,RJ,Rio de Janeiro,Baixadas,Lagos,Cabo Frio,Macaé - Rio das Ostras - Cabo Frio,1036.0,53.0,231.19945071756365,140.57135966950864,107.67325530061385,248.24461497012248,-17.045164252558834,-7.372493403274316
2014,330190,Itaboraí,RJ,Rio de Janeiro,Metropolitana do Rio de Janeiro,Rio de Janeiro,Rio de Janeiro,Rio de Janeiro,24142.0,1084.0,1494.8018579218106,1194.7198923720453,275.4504784315759,1470.1703708036212,24.631487118189398,1.6478095065010154
2014,330200,Itaguaí,RJ,Rio de Janeiro,Metropolitana do Rio de Janeiro,Itaguaí,Rio de Janeiro,Rio de Janeiro,12517.0,854.0,1642.2558880157178,1090.348780065184,563.3215370661546,1653.6703171313386,-11.414429115620806,-0.6950457111414272
2014,330205,Italva,RJ,Rio de Janeiro,Noroeste Fluminense,Itaperuna,Campos dos Goytacazes,Campos dos Goytacazes,670.0,22.0,333.7823256445049,208.0872583397463,153.80786075693186,361.8951190966782,-28.112793452173264,-8.42249313168092
2014,330210,Itaocara,RJ,Rio de Janeiro,Noroeste Fluminense,Santo Antônio de Pádua,Santo Antônio de Pádua,Campos dos Goytacazes,1488.0,139.0,323.25460939313064,149.1143230201144,193.785187576039,342.8995105961534,-19.644901203022755,-6.077222298516811
2014,330220,Itaperuna,RJ,Rio de Janeiro,Noroeste Fluminense,Itaperuna,Itaperuna,Campos dos Goytacazes,10408.0,1123.0,406.1923881930675,123.08812864637162,280.29541405032137,403.383542696693,2.808845496374488,0.6915061872206759
2014,330225,Itatiaia,RJ,Rio de Janeiro,Sul Fluminense,Vale do Paraíba Fluminense,Resende,Volta Redonda - Barra Mansa,3201.0,297.0,1424.3517307091533,908.4332524980689,606.2976083042829,1514.7308608023518,-90.37913009319846,-6.345281726740394
2014,330227,Japeri,RJ,Rio de Janeiro,Metropolitana do Rio de Janeiro,Rio de Janeiro,Rio de Janeiro,Rio de Janeiro,2053.0,202.0,426.7840192570154,233.60327920647478,193.6588203839035,427.2620995903783,-0.47808033336286826,-0.11201926777744728
2014,330230,Laje do Muriaé,RJ,Rio de Janeiro,Noroeste Fluminense,Itaperuna,Itaperuna,Campos dos Goytacazes,229.0,12.0,-30.624792576419168,77.93511746031777,71.861415247364,149.79653270768176,-180.42132528410093,589.13484828963
2014,330240,Macaé,RJ,Rio de Janeiro,Norte Fluminense,Macaé,Macaé - Rio das Ostras,Macaé - Rio das Ostras - Cabo Frio,62897.0,3969.0,4851.327146910408,3057.554535031659,2175.980246183083,5233.534781214742,-382.2076343043336,-7.878413941796205
2014,330245,Macuco,RJ,Rio de Janeiro,Centro Fluminense,Cantagalo-Cordeiro,Nova Friburgo,Petrópolis,681.0,80.0,2196.1437958883994,1238.777589705365,1490.294707897598,2729.072297602963,-532.9285017145635,-24.266557714130897
2014,330250,Magé,RJ,Rio de Janeiro,Metropolitana do Rio de Janeiro,Rio de Janeiro,Rio de Janeiro,Rio de Janeiro,9866.0,969.0,752.1950967118312,570.1150830684335,75.89402962894428,646.0091126973778,106.18598401445342,14.116814172099513
2014,330260,Mangaratiba,RJ,Rio de Janeiro,Metropolitana do Rio de Janeiro,Itaguaí,Rio de Janeiro,Rio de Janeiro,2248.0,192.0,757.2995609059907,487.79474795846795,181.53660991239371,669.3313578708617,87.96820303512902,11.616037771088736
2014,330270,Maricá,RJ,Rio de Janeiro,Metropolitana do Rio de Janeiro,Rio de Janeiro,Rio de Janeiro,Rio de Janeiro,8310.0,286.0,412.17056199877106,231.1995350910936,18.350674752410896,249.5502098435045,162.62035215526657,39.454625620679685
2014,330280,Mendes,RJ,Rio de Janeiro,Metropolitana do Rio de Janeiro,Vassouras,Volta Redonda - Barra Mansa,Volta Redonda - Barra Mansa,386.0,67.0,303.79915397107743,134.1086488189435,205.2693472206754,339.3779960396189,-35.57884206854146,-11.71130386753107
2014,330285,Mesquita,RJ,Rio de Janeiro,Metropolitana do Rio de Janeiro,Rio de Janeiro,Rio de Janeiro,Rio de Janeiro,5787.0,694.0,377.78216462517344,204.95162466041916,168.6707155541585,373.62234021457766,4.159824410595775,1.1011172045993898
2014,330290,Miguel Pereira,RJ,Rio de Janeiro,Metropolitana do Rio de Janeiro,Vassouras,Valença,Volta Redonda - Barra Mansa,1132.0,142.0,539.4850233912308,146.00393470350673,303.345648672117,449.34958337562375,90.13544001560706,16.70768160513725
2014,330300,Miracema,RJ,Rio de Janeiro,Noroeste Fluminense,Santo Antônio de Pádua,Santo Antônio de Pádua,Campos dos Goytacazes,1486.0,107.0,281.5703707500536,73.22639513372496,193.8134643296404,267.03985946336536,14.530511286688238,5.1605256788850085
2014,330310,Natividade,RJ,Rio de Janeiro,Noroeste Fluminense,Itaperuna,Itaperuna,Campos dos Goytacazes,588.0,60.0,464.5176700680274,153.15489199037552,324.1218316194279,477.2767236098034,-12.759053541775984,-2.746731580718437
2014,330320,Nilópolis,RJ,Rio de Janeiro,Metropolitana do Rio de Janeiro,Rio de Janeiro,Rio de Janeiro,Rio de Janeiro,5957.0,1181.0,312.0994359008398,159.97703281018835,195.09571779184444,355.0727506020328,-42.973314701192976,-13.769110020066314
2014,330330,Niterói,RJ,Rio de Janeiro,Metropolitana do Rio de Janeiro,Rio de Janeiro,Rio de Janeiro,Rio de Janeiro,92173.0,8330.0,1174.1382225209006,679.252641510863,503.844615397647,1183.09725690851,-8.959034387609336,-0.7630306394739532
2014,330340,Nova Friburgo,RJ,Rio de Janeiro,Centro Fluminense,Nova Friburgo,Nova Friburgo,Petrópolis,29313.0,2520.0,382.55392662202553,215.29714666111818,178.96737194647494,394.2645186075931,-11.71059198556759,-3.061161099292021
2014,330350,Nova Iguaçu,RJ,Rio de Janeiro,Metropolitana do Rio de Janeiro,Rio de Janeiro,Rio de Janeiro,Rio de Janeiro,32511.0,5470.0,588.5836053313299,350.96882282349793,232.97704490447472,583.9458677279727,4.637737603357209,0.7879488251709796
2014,330360,Paracambi,RJ,Rio de Janeiro,Metropolitana do Rio de Janeiro,Vassouras,Rio de Janeiro,Rio de Janeiro,2069.0,208.0,433.93974946090657,202.12491630291765,199.18773899628673,401.3126552992044,32.62709416170219,7.518807438644555
2014,330370,Paraíba do Sul,RJ,Rio de Janeiro,Centro Fluminense,Três Rios,Três Rios - Paraíba do Sul,Petrópolis,2862.0,668.0,531.6196069287001,226.2977500797915,319.12474938978767,545.4224994695792,-13.802892540879043,-2.5963851522749164
2014,330380,Paraty,RJ,Rio de Janeiro,Sul Fluminense,Baía da Ilha Grande,Angra dos Reis,Rio de Janeiro,3439.0,170.0,37.52200371174945,111.63400066551571,1.0637750766591125,112.69777574217483,-75.17577203042538,-200.35116623285555
2014,330385,Paty do Alferes,RJ,Rio de Janeiro,Metropolitana do Rio de Janeiro,Vassouras,Valença,Volta Redonda - Barra Mansa,1299.0,132.0,339.44847242634194,210.9781954288054,161.654653205949,372.6328486347544,-33.18437620841246,-9.775968638542997
2014,330390,Petrópolis,RJ,Rio de Janeiro,Metropolitana do Rio de Janeiro,Serrana,Petrópolis,Petrópolis,44722.0,3082.0,549.9630585844902,291.526553223189,256.6166941548895,548.1432473780785,1.819811206411714,0.33089698989884764
2014,330395,Pinheiral,RJ,Rio de Janeiro,Sul Fluminense,Vale do Paraíba Fluminense,Volta Redonda - Barra Mansa,Volta Redonda - Barra Mansa,1076.0,186.0,408.49836091457803,237.94369826150455,173.1167491445608,411.06044740606535,-2.562086491487321,-0.627196272159115
2014,330400,Piraí,RJ,Rio de Janeiro,Sul Fluminense,Vale do Paraíba Fluminense,Volta Redonda - Barra Mansa,Volta Redonda - Barra Mansa,2910.0,402.0,1188.0596711288913,587.6237736226929,599.3925803020275,1187.0163539247203,1.0433172041709895,0.0878169025954422
2014,330410,Porciúncula,RJ,Rio de Janeiro,Noroeste Fluminense,Itaperuna,Itaperuna,Campos dos Goytacazes,524.0,68.0,346.3306488549622,176.85480444018617,146.5182261036864,323.3730305438726,22.957618311089618,6.628815089566014
2014,330411,Porto Real,RJ,Rio de Janeiro,Sul Fluminense,Vale do Paraíba Fluminense,Resende,Volta Redonda - Barra Mansa,5985.0,329.0,1889.4293924883132,507.0280478990003,1403.6635973617185,1910.6916452607188,-21.262252772405645,-1.1253266651263425
2014,330412,Quatis,RJ,Rio de Janeiro,Sul Fluminense,Vale do Paraíba Fluminense,Resende,Volta Redonda - Barra Mansa,819.0,108.0,260.74403439153446,235.5436305947669,8.613282710371095,244.156913305138,16.58712108639645,6.361457559366114
2014,330414,Queimados,RJ,Rio de Janeiro,Metropolitana do Rio de Janeiro,Rio de Janeiro,Rio de Janeiro,Rio de Janeiro,5853.0,548.0,545.2210276001701,344.5064269338816,192.09782345539043,536.604250389272,8.616777210898135,1.58041909146929
2014,330415,Quissamã,RJ,Rio de Janeiro,Norte Fluminense,Macaé,Macaé - Rio das Ostras,Macaé - Rio das Ostras - Cabo Frio,902.0,88.0,287.27273004434596,274.56739669655485,106.53561623545238,381.10301293200723,-93.83028288766127,-32.662439930576355
2014,330420,Resende,RJ,Rio de Janeiro,Sul Fluminense,Vale do Paraíba Fluminense,Resende,Volta Redonda - Barra Mansa,15414.0,1806.0,1635.5640043482065,880.3322554918616,806.9210361624512,1687.2532916543128,-51.68928730610628,-3.1603341213604863
2014,330430,Rio Bonito,RJ,Rio de Janeiro,Metropolitana do Rio de Janeiro,Macacu-Caceribu,Rio Bonito,Rio de Janeiro,11238.0,581.0,389.6557056247261,209.62275078224434,147.0690738894316,356.69182467167593,32.96388095305019,8.459745482284148
2014,330440,Rio Claro,RJ,Rio de Janeiro,Sul Fluminense,Vale do Paraíba Fluminense,Volta Redonda - Barra Mansa,Volta Redonda - Barra Mansa,486.0,57.0,405.3236073207711,136.31429929471778,270.0625792495608,406.3768785442786,-1.0532712235075223,-0.2598593332546675
2014,330450,Rio das Flores,RJ,Rio de Janeiro,Sul Fluminense,Barra do Piraí,Valença,Volta Redonda - Barra Mansa,728.0,310.0,949.9455076214107,511.3397501560115,689.2483681592039,1200.5881183152155,-250.64261069380484,-26.384946155637323
2014,330452,Rio das Ostras,RJ,Rio de Janeiro,Baixadas,Bacia de São João,Macaé - Rio das Ostras,Macaé - Rio das Ostras - Cabo Frio,13171.0,830.0,2551.04394973989,1816.2225772025768,777.4409360935888,2593.6635132961655,-42.61956355627535,-1.6706714739517106
2014,330455,Rio de Janeiro,RJ,Rio de Janeiro,Metropolitana do Rio de Janeiro,Rio de Janeiro,Rio de Janeiro,Rio de Janeiro,905646.0,121589.0,1993.4622891370211,636.5449079876939,1364.3941207568457,2000.9390287445397,-7.476739607518539,-0.3750630071239147
2014,330460,Santa Maria Madalena,RJ,Rio de Janeiro,Centro Fluminense,Santa Maria Madalena,Nova Friburgo,Petrópolis,491.0,26.0,195.488857903807,83.15809322536006,191.31011069954798,274.46820392490804,-78.97934602110104,-40.40094502980007
2014,330470,Santo Antônio de Pádua,RJ,Rio de Janeiro,Noroeste Fluminense,Santo Antônio de Pádua,Santo Antônio de Pádua,Campos dos Goytacazes,4498.0,206.0,451.33685663962854,64.00346757536613,328.30457532129753,392.30804289666366,59.02881374296487,13.078660179108004
2014,330475,São Francisco de Itabapoana,RJ,Rio de Janeiro,Norte Fluminense,Campos dos Goytacazes,Campos dos Goytacazes,Campos dos Goytacazes,1809.0,37.0,291.83258557064505,160.24815262100856,32.40523746106237,192.65339008207093,99.17919548857412,33.98496274658315
2014,330480,São Fidélis,RJ,Rio de Janeiro,Norte Fluminense,Campos dos Goytacazes,Campos dos Goytacazes,Campos dos Goytacazes,2266.0,98.0,377.35537087738874,247.9406893850371,31.124588647959172,279.0652780329963,98.29009284439246,26.04708993961269
2014,330490,São Gonçalo,RJ,Rio de Janeiro,Metropolitana do Rio de Janeiro,Rio de Janeiro,Rio de Janeiro,Rio de Janeiro,53050.0,5171.0,661.110752580211,475.13820676494356,174.61903468078253,649.7572414457261,11.353511134484961,1.7173387500012662
2014,330500,São João da Barra,RJ,Rio de Janeiro,Norte Fluminense,Campos dos Goytacazes,Campos dos Goytacazes,Campos dos Goytacazes,5227.0,106.0,1388.2365645541477,1017.0048226672686,226.05849906540607,1243.0633217326747,145.17324282147297,10.457385039998385
2014,330510,São João de Meriti,RJ,Rio de Janeiro,Metropolitana do Rio de Janeiro,Rio de Janeiro,Rio de Janeiro,Rio de Janeiro,19676.0,2773.0,496.3137936617927,318.13709475449855,129.85546808948652,447.99256284398507,48.321230817807646,9.736024151433435
2014,330513,São José de Ubá,RJ,Rio de Janeiro,Noroeste Fluminense,Santo Antônio de Pádua,Itaperuna,Campos dos Goytacazes,244.0,18.0,201.576534608379,-1.7587647928994556,221.71869986449872,219.95993507159926,-18.383400463220255,-9.119811737479937
2014,330515,São José do Vale do Rio Preto,RJ,Rio de Janeiro,Metropolitana do Rio de Janeiro,Serrana,Petrópolis,Petrópolis,1778.0,185.0,248.78050497066238,134.66318107805512,144.95621046473264,279.61939154278775,-30.838886572125375,-12.396022178571457
2014,330520,São Pedro da Aldeia,RJ,Rio de Janeiro,Baixadas,Lagos,Cabo Frio,Macaé - Rio das Ostras - Cabo Frio,6058.0,521.0,518.0053071397476,321.00229761420223,193.82721265314194,514.8295102673442,3.1757968724034527,0.6130819180095167
2014,330530,São Sebastião do Alto,RJ,Rio de Janeiro,Centro Fluminense,Santa Maria Madalena,Nova Friburgo,Petrópolis,305.0,13.0,386.0818537200505,-94.44608980044336,382.4838024286497,288.03771262820635,98.04414109184415,25.39465145723641
2014,330540,Sapucaia,RJ,Rio de Janeiro,Centro Fluminense,Três Rios,Três Rios - Paraíba do Sul,Petrópolis,1921.0,145.0,463.0980976861907,300.5007777593455,104.58403493208903,405.08481269143454,58.01328499475619,12.527212978116733
2014,330550,Saquarema,RJ,Rio de Janeiro,Baixadas,Lagos,Rio de Janeiro,Rio de Janeiro,10330.0,784.0,546.2858860412507,529.7482508603409,-21.831355543895825,507.9168953164451,38.3689907248056,7.02361011060577
2014,330555,Seropédica,RJ,Rio de Janeiro,Metropolitana do Rio de Janeiro,Itaguaí,Rio de Janeiro,Rio de Janeiro,5309.0,169.0,727.1592829860203,688.50062382389,-29.733688147011208,658.7669356768788,68.39234730914154,9.405414867055528
2014,330560,Silva Jardim,RJ,Rio de Janeiro,Baixadas,Bacia de São João,Rio Bonito,Rio de Janeiro,1479.0,64.0,470.52437077417164,352.64488010930927,-74.87204715842881,277.77283295088046,192.7515378232912,40.9652612692834
2014,330570,Sumidouro,RJ,Rio de Janeiro,Centro Fluminense,Nova Friburgo,Nova Friburgo,Petrópolis,811.0,27.0,385.211507055761,320.382796014675,184.60958635394456,504.9923823686196,-119.7808753128586,-31.094833129042488
2014,330575,Tanguá,RJ,Rio de Janeiro,Metropolitana do Rio de Janeiro,Rio de Janeiro,Rio de Janeiro,Rio de Janeiro,2382.0,161.0,543.4825597519703,335.42317083940657,151.54675241818518,486.96992325759174,56.51263649437851,10.398242865450777
2014,330580,Teresópolis,RJ,Rio de Janeiro,Metropolitana do Rio de Janeiro,Serrana,Petrópolis,Petrópolis,22176.0,1213.0,406.9824459097513,233.86576699261832,181.12205391278508,414.9878209054034,-8.005374995652119,-1.967007441256402
2014,330590,Trajano de Moraes,RJ,Rio de Janeiro,Centro Fluminense,Santa Maria Madalena,Nova Friburgo,Petrópolis,363.0,26.0,354.0144034753125,28.593494654601727,245.80089198036,274.39438663496173,79.62001684035079,22.490615087615538
2014,330600,Três Rios,RJ,Rio de Janeiro,Centro Fluminense,Três Rios,Três Rios - Paraíba do Sul,Petrópolis,10710.0,2126.0,613.4368058917513,334.23807524859467,287.7464595121389,621.9845347607336,-8.54772886898229,-1.3934163693612223
2014,330610,Valença,RJ,Rio de Janeiro,Sul Fluminense,Barra do Piraí,Valença,Volta Redonda - Barra Mansa,4342.0,742.0,655.9548159331347,165.98786771870732,473.41316138547404,639.4010291041814,16.55378682895332,2.5236169362373806
2014,330615,Varre-Sai,RJ,Rio de Janeiro,Noroeste Fluminense,Itaperuna,Itaperuna,Campos dos Goytacazes,218.0,16.0,366.4139105504586,258.6371538072775,235.79330749353994,494.43046130081746,-128.01655075035887,-34.937688516803675
2014,330620,Vassouras,RJ,Rio de Janeiro,Metropolitana do Rio de Janeiro,Vassouras,Valença,Volta Redonda - Barra Mansa,2332.0,432.0,984.7959976732739,137.56516751519507,813.3601851946514,950.9253527098465,33.87064496342737,3.439356480271221
2014,330630,Volta Redonda,RJ,Rio de Janeiro,Sul Fluminense,Vale do Paraíba Fluminense,Volta Redonda - Barra Mansa,Volta Redonda - Barra Mansa,31794.0,5359.0,1004.0382221573138,546.7334011095877,434.4219787676675,981.1553798772552,22.88284228005864,2.279080793447456
2015,330010,Angra dos Reis,RJ,Rio de Janeiro,Sul Fluminense,Baía da Ilha Grande,Angra dos Reis,Rio de Janeiro,17756.0,928.0,1707.481260336477,1668.8294489884295,138.3814379481878,1807.2108869366173,-99.72962660014036,-5.840745015291565
2015,330015,Aperibé,RJ,Rio de Janeiro,Noroeste Fluminense,Santo Antônio de Pádua,Santo Antônio de Pádua,Campos dos Goytacazes,700.0,20.0,378.5124571428571,206.3866269551345,147.35783306554345,353.74446002067793,24.767997122179167,6.543509111730845
2015,330020,Araruama,RJ,Rio de Janeiro,Baixadas,Lagos,Cabo Frio,Macaé - Rio das Ostras - Cabo Frio,7667.0,740.0,414.4030782980062,145.3579171180752,188.70391558801157,334.06183270608676,80.34124559191946,19.387222199673026
2015,330022,Areal,RJ,Rio de Janeiro,Centro Fluminense,Três Rios,Petrópolis,Petrópolis,1475.0,319.0,530.0653600552578,312.34684268437786,281.10868315188736,593.4555258362652,-63.390165781007454,-11.958933851930867
2015,330023,Armação dos Búzios,RJ,Rio de Janeiro,Baixadas,Lagos,Cabo Frio,Macaé - Rio das Ostras - Cabo Frio,4113.0,563.0,465.2102938004916,184.43435181790005,200.09573691576566,384.5300887336657,80.68020506682592,17.34273857263918
2015,330025,Arraial do Cabo,RJ,Rio de Janeiro,Baixadas,Lagos,Cabo Frio,Macaé - Rio das Ostras - Cabo Frio,1892.0,150.0,807.054670754052,567.1520864074612,254.50500670112524,821.6570931085864,-14.602422354534383,-1.8093473569629381
2015,330030,Barra do Piraí,RJ,Rio de Janeiro,Sul Fluminense,Barra do Piraí,Volta Redonda - Barra Mansa,Volta Redonda - Barra Mansa,6089.0,1440.0,835.5881736282186,427.0308158532664,439.5014609733887,866.5322768266551,-30.94410319843655,-3.703272039391576
2015,330040,Barra Mansa,RJ,Rio de Janeiro,Sul Fluminense,Vale do Paraíba Fluminense,Volta Redonda - Barra Mansa,Volta Redonda - Barra Mansa,14955.0,1890.0,803.3484952423407,450.2979593230334,365.03858796434383,815.3365472873772,-11.988052045036511,-1.4922604717670076
2015,330045,Belford Roxo,RJ,Rio de Janeiro,Metropolitana do Rio de Janeiro,Rio de Janeiro,Rio de Janeiro,Rio de Janeiro,11426.0,1236.0,1019.9813262207297,598.5916640788819,368.33391337681473,966.9255774556966,53.05574876503306,5.201639226241236
2015,330050,Bom Jardim,RJ,Rio de Janeiro,Centro Fluminense,Nova Friburgo,Nova Friburgo,Petrópolis,3208.0,199.0,344.63871708918634,232.264744004171,157.36401145038144,389.62875545455245,-44.990038365366104,-13.05426121166865
2015,330060,Bom Jesus do Itabapoana,RJ,Rio de Janeiro,Noroeste Fluminense,Itaperuna,Itaperuna,Campos dos Goytacazes,2674.0,315.0,393.6499158148424,197.34498076720206,183.9579613003657,381.30294206756776,12.34697374727466,3.1365366157177577
2015,330070,Cabo Frio,RJ,Rio de Janeiro,Baixadas,Lagos,Cabo Frio,Macaé - Rio das Ostras - Cabo Frio,16266.0,1541.0,509.5475913410032,320.6326538632561,164.69337340857464,485.32602727183075,24.221564069172473,4.7535430410783235
2015,330080,Cachoeiras de Macacu,RJ,Rio de Janeiro,Metropolitana do Rio de Janeiro,Macacu-Caceribu,Rio Bonito,Rio de Janeiro,3913.0,216.0,536.2874074783956,400.4426550579992,141.30994460121497,541.7525996592142,-5.465192180818576,-1.0190789685918071
2015,330090,Cambuci,RJ,Rio de Janeiro,Noroeste Fluminense,Santo Antônio de Pádua,Santo Antônio de Pádua,Campos dos Goytacazes,376.0,53.0,182.00175732637467,-122.13440028697278,231.64851958184977,109.51411929487699,72.48763803149768,39.82798798008814
2015,330093,Carapebus,RJ,Rio de Janeiro,Norte Fluminense,Macaé,Macaé - Rio das Ostras,Macaé - Rio das Ostras - Cabo Frio,239.0,24.0,970.5326830543931,375.94215134271735,447.1380818039827,823.0802331467,147.4524499076931,15.192940174218656
2015,330095,Comendador Levy Gasparian,RJ,Rio de Janeiro,Centro Fluminense,Três Rios,Três Rios - Paraíba do Sul,Petrópolis,1066.0,460.0,735.9109763846968,-72.1617823232018,705.9284135419252,633.7666312187234,102.14434516597339,13.879986634766203
2015,330100,Campos dos Goytacazes,RJ,Rio de Janeiro,Norte Fluminense,Campos dos Goytacazes,Campos dos Goytacazes,Campos dos Goytacazes,48051.0,3802.0,410.8953751927677,182.68666206260878,221.39510928923505,404.0817713518438,6.813603840923861,1.6582332759835332
2015,330110,Cantagalo,RJ,Rio de Janeiro,Centro Fluminense,Cantagalo-Cordeiro,Nova Friburgo,Petrópolis,1947.0,250.0,1639.192595706215,1027.463224492523,874.6817860046972,1902.1450104972203,-262.95241479100537,-16.041581415130622
2015,330115,Cardoso Moreira,RJ,Rio de Janeiro,Norte Fluminense,Campos dos Goytacazes,Campos dos Goytacazes,Campos dos Goytacazes,662.0,7.0,318.8999309451873,30.836792382817976,111.29442499999959,142.13121738281757,176.76871356236973,55.430778250231995
2015,330120,Carmo,RJ,Rio de Janeiro,Centro Fluminense,Cantagalo-Cordeiro,Nova Friburgo,Petrópolis,1262.0,113.0,229.71080803051746,93.82083304860976,164.7550824917505,258.57591554036026,-28.8651075098428,-12.565846490778974
2015,330130,Casimiro de Abreu,RJ,Rio de Janeiro,Baixadas,Bacia de São João,Macaé - Rio das Ostras,Macaé - Rio das Ostras - Cabo Frio,2638.0,203.0,553.4003408314254,207.10778107272426,215.71167330341746,422.8194543761417,130.5808864552837,23.59609794585593
2015,330140,Conceição de Macabu,RJ,Rio de Janeiro,Norte Fluminense,Macaé,Macaé - Rio das Ostras,Macaé - Rio das Ostras - Cabo Frio,864.0,33.0,530.8921359427611,505.61721546762647,286.9347625233295,792.551977990956,-261.65984204819483,-49.28681823164283
2015,330150,Cordeiro,RJ,Rio de Janeiro,Centro Fluminense,Cantagalo-Cordeiro,Nova Friburgo,Petrópolis,1829.0,337.0,611.4332395481307,419.4245706781394,202.19846024640242,621.6230309245418,-10.189791376411108,-1.6665419406935906
2015,330160,Duas Barras,RJ,Rio de Janeiro,Centro Fluminense,Nova Friburgo,Nova Friburgo,Petrópolis,687.0,59.0,198.60168085263854,86.33566479528963,43.636182359810164,129.9718471550998,68.62983369753874,34.55652208123139
2015,330170,Duque de Caxias,RJ,Rio de Janeiro,Metropolitana do Rio de Janeiro,Rio de Janeiro,Rio de Janeiro,Rio de Janeiro,54270.0,8546.0,1224.8281447337688,710.1059375360644,551.723363917418,1261.8293014534825,-37.00115671971366,-3.0209263951683862
2015,330180,Engenheiro Paulo de Frontin,RJ,Rio de Janeiro,Metropolitana do Rio de Janeiro,Vassouras,Volta Redonda - Barra Mansa,Volta Redonda - Barra Mansa,600.0,78.0,63.27612820512809,-18.168683546547754,126.6508450332201,108.48216148667234,-45.20603328154425,-71.44247690850436
2015,330185,Guapimirim,RJ,Rio de Janeiro,Metropolitana do Rio de Janeiro,Rio de Janeiro,Rio de Janeiro,Rio de Janeiro,2055.0,112.0,365.8104416927356,252.33696372520808,134.39028908325054,386.7272528084586,-20.91681111572302,-5.7179371422350505
2015,330187,Iguaba Grande,RJ,Rio de Janeiro,Baixadas,Lagos,Cabo Frio,Macaé - Rio das Ostras - Cabo Frio,994.0,56.0,527.5971881287728,322.5253348994754,309.4829166009947,632.0082515004701,-104.41106337169731,-19.789920363679663
2015,330190,Itaboraí,RJ,Rio de Janeiro,Metropolitana do Rio de Janeiro,Rio de Janeiro,Rio de Janeiro,Rio de Janeiro,18790.0,1148.0,1370.9090058921915,1123.2289832728006,425.49524656041194,1548.7242298332126,-177.81522394102103,-12.970607325268709
2015,330200,Itaguaí,RJ,Rio de Janeiro,Metropolitana do Rio de Janeiro,Itaguaí,Rio de Janeiro,Rio de Janeiro,10818.0,776.0,1720.6169292754723,1133.999623056864,713.6409174230616,1847.6405404799257,-127.02361120445335,-7.382445740432253
2015,330205,Italva,RJ,Rio de Janeiro,Noroeste Fluminense,Itaperuna,Campos dos Goytacazes,Campos dos Goytacazes,649.0,25.0,383.66700832049287,198.88485457381398,169.88278380126508,368.76763837507906,14.89936994541381,3.8834118186590993
2015,330210,Itaocara,RJ,Rio de Janeiro,Noroeste Fluminense,Santo Antônio de Pádua,Santo Antônio de Pádua,Campos dos Goytacazes,1462.0,132.0,316.039174232061,106.54577891519875,214.859902858233,321.40568177343175,-5.3665075413707655,-1.6980513742990133
2015,330220,Itaperuna,RJ,Rio de Janeiro,Noroeste Fluminense,Itaperuna,Itaperuna,Campos dos Goytacazes,8979.0,1222.0,479.95714024850486,93.5375099587718,342.73235301875,436.2698629775218,43.68727727098303,9.102328855523078
2015,330225,Itatiaia,RJ,Rio de Janeiro,Sul Fluminense,Vale do Paraíba Fluminense,Resende,Volta Redonda - Barra Mansa,2852.0,267.0,1543.0492877722975,845.3211900731542,703.5291938366856,1548.8503839098398,-5.801096137542345,-0.3759501516583048
2015,330227,Japeri,RJ,Rio de Janeiro,Metropolitana do Rio de Janeiro,Rio de Janeiro,Rio de Janeiro,Rio de Janeiro,2210.0,233.0,764.4095267123687,353.19741988746705,359.6500007353052,712.8474206227722,51.562106089596455,6.7453510569601
2015,330230,Laje do Muriaé,RJ,Rio de Janeiro,Noroeste Fluminense,Itaperuna,Itaperuna,Campos dos Goytacazes,204.0,13.0,-62.77989819004529,-127.80995569042352,213.42637020567008,85.61641451524656,-148.39631270529185,236.37552303138705
2015,330240,Macaé,RJ,Rio de Janeiro,Norte Fluminense,Macaé,Macaé - Rio das Ostras,Macaé - Rio das Ostras - Cabo Frio,55709.0,3670.0,5579.3740825897885,3365.880161575515,2510.506404410628,5876.386565986143,-297.0124833963546,-5.323401496292748
2015,330245,Macuco,RJ,Rio de Janeiro,Centro Fluminense,Cantagalo-Cordeiro,Nova Friburgo,Petrópolis,538.0,85.0,490.8839363656243,222.16670969977304,273.9717210372712,496.13843073704425,-5.2544943714199235,-1.0704148133921063
2015,330250,Magé,RJ,Rio de Janeiro,Metropolitana do Rio de Janeiro,Rio de Janeiro,Rio de Janeiro,Rio de Janeiro,8987.0,876.0,748.5725264384932,504.00225944727754,164.4719554065041,668.4742148537816,80.09831158471161,10.700140434728194
2015,330260,Mangaratiba,RJ,Rio de Janeiro,Metropolitana do Rio de Janeiro,Itaguaí,Rio de Janeiro,Rio de Janeiro,1787.0,317.0,816.6361342962405,655.2708276414942,274.5558574861773,929.8266851276715,-113.19055083143098,-13.860585648585852
2015,330270,Maricá,RJ,Rio de Janeiro,Metropolitana do Rio de Janeiro,Rio de Janeiro,Rio de Janeiro,Rio de Janeiro,7274.0,283.0,444.71713664331355,214.94716380127647,0.39816351037279674,215.34532731164927,229.37180933166428,51.577011640015236
2015,330280,Mendes,RJ,Rio de Janeiro,Metropolitana do Rio de Janeiro,Vassouras,Volta Redonda - Barra Mansa,Volta Redonda - Barra Mansa,393.0,48.0,375.3027449109418,127.02927968655808,265.69916828304645,392.72844796960453,-17.425703058662748,-4.643105678003452
2015,330285,Mesquita,RJ,Rio de Janeiro,Metropolitana do Rio de Janeiro,Rio de Janeiro,Rio de Janeiro,Rio de Janeiro,5736.0,615.0,822.9940181396057,553.6873113127594,276.8594596908674,830.5467710036269,-7.5527528640211585,-0.9177166173205372
2015,330290,Miguel Pereira,RJ,Rio de Janeiro,Metropolitana do Rio de Janeiro,Vassouras,Valença,Volta Redonda - Barra Mansa,1155.0,166.0,591.3229776769413,205.46041148586733,392.5884341222461,598.0488456081134,-6.725867931172161,-1.1374271227536703
2015,330300,Miracema,RJ,Rio de Janeiro,Noroeste Fluminense,Santo Antônio de Pádua,Santo Antônio de Pádua,Campos dos Goytacazes,1455.0,134.0,334.2744851002718,59.69834760969047,230.0634150844155,289.761762694106,44.512722406165835,13.316218972804167
2015,330310,Natividade,RJ,Rio de Janeiro,Noroeste Fluminense,Itaperuna,Itaperuna,Campos dos Goytacazes,592.0,72.0,486.4228547297296,267.98366968319533,276.3707339789821,544.3544036621774,-57.93154893244787,-11.909709498464311
2015,330320,Nilópolis,RJ,Rio de Janeiro,Metropolitana do Rio de Janeiro,Rio de Janeiro,Rio de Janeiro,Rio de Janeiro,5471.0,1117.0,415.5818465426971,164.33603491008284,220.52467292949905,384.8607078395819,30.72113870311523,7.392319697958444
2015,330330,Niterói,RJ,Rio de Janeiro,Metropolitana do Rio de Janeiro,Rio de Janeiro,Rio de Janeiro,Rio de Janeiro,83857.0,7655.0,1221.5351758573759,659.1105544228619,584.3192693226224,1243.4298237454843,-21.894647888108466,-1.7923878346557613
2015,330340,Nova Friburgo,RJ,Rio de Janeiro,Centro Fluminense,Nova Friburgo,Nova Friburgo,Petrópolis,27853.0,2469.0,430.56549532517215,227.20052256098506,218.38694579103935,445.5874683520244,-15.021973026852265,-3.4888938361183253
2015,330350,Nova Iguaçu,RJ,Rio de Janeiro,Metropolitana do Rio de Janeiro,Rio de Janeiro,Rio de Janeiro,Rio de Janeiro,30021.0,5417.0,649.6106889363032,338.66540851643026,293.6692660043882,632.3346745208185,17.276014415484724,2.659441217596514
2015,330360,Paracambi,RJ,Rio de Janeiro,Metropolitana do Rio de Janeiro,Vassouras,Rio de Janeiro,Rio de Janeiro,1779.0,201.0,486.1644500096486,205.39876477466714,273.1583875228614,478.55715229752855,7.607297712120044,1.564758120831144
2015,330370,Paraíba do Sul,RJ,Rio de Janeiro,Centro Fluminense,Três Rios,Três Rios - Paraíba do Sul,Petrópolis,2750.0,677.0,582.2901957835368,191.48534411246374,424.4539805110892,615.9393246235529,-33.64912884001615,-5.778755864975104
2015,330380,Paraty,RJ,Rio de Janeiro,Sul Fluminense,Baía da Ilha Grande,Angra dos Reis,Rio de Janeiro,3274.0,200.0,284.27551997556543,203.00659296579715,178.6091816087703,381.61577457456747,-97.34025459900204,-34.24151844216794
2015,330385,Paty do Alferes,RJ,Rio de Janeiro,Metropolitana do Rio de Janeiro,Vassouras,Valença,Volta Redonda - Barra Mansa,1045.0,111.0,419.68336419673267,188.5002322907726,231.76614312391598,420.2663754146886,-0.5830112179559137,-0.13891692349345036
2015,330390,Petrópolis,RJ,Rio de Janeiro,Metropolitana do Rio de Janeiro,Serrana,Petrópolis,Petrópolis,41583.0,3128.0,615.4330030305457,296.2472623269791,333.5984782974649,629.845740624444,-14.412737593898328,-2.341885716711065
2015,330395,Pinheiral,RJ,Rio de Janeiro,Sul Fluminense,Vale do Paraíba Fluminense,Volta Redonda - Barra Mansa,Volta Redonda - Barra Mansa,984.0,169.0,361.4962633496898,201.2327321895698,181.83873075769156,383.07146294726135,-21.575199597571554,-5.9683050103068425
2015,330400,Piraí,RJ,Rio de Janeiro,Sul Fluminense,Vale do Paraíba Fluminense,Volta Redonda - Barra Mansa,Volta Redonda - Barra Mansa,2215.0,390.0,1328.3580141228224,623.0480527673467,695.3857512778864,1318.433804045233,9.92421007758935,0.747103564858061
2015,330410,Porciúncula,RJ,Rio de Janeiro,Noroeste Fluminense,Itaperuna,Itaperuna,Campos dos Goytacazes,491.0,65.0,336.92849631834565,82.72369452144403,230.61577097505688,313.3394654965009,23.589030821844744,7.001197903889
2015,330411,Porto Real,RJ,Rio de Janeiro,Sul Fluminense,Vale do Paraíba Fluminense,Resende,Volta Redonda - Barra Mansa,3823.0,246.0,2246.0236920309044,696.8026166126278,1637.0928995253155,2333.8955161379436,-87.87182410703917,-3.9123284593486867
2015,330412,Quatis,RJ,Rio de Janeiro,Sul Fluminense,Vale do Paraíba Fluminense,Resende,Volta Redonda - Barra Mansa,500.0,89.0,578.1065606741574,305.1856377326417,246.17976768890753,551.3654054215492,26.741155252608223,4.625644659943679
2015,330414,Queimados,RJ,Rio de Janeiro,Metropolitana do Rio de Janeiro,Rio de Janeiro,Rio de Janeiro,Rio de Janeiro,5316.0,624.0,657.4697897855531,380.5568318416895,187.97898713074164,568.5358189724311,88.93397081312196,13.526700723713791
2015,330415,Quissamã,RJ,Rio de Janeiro,Norte Fluminense,Macaé,Macaé - Rio das Ostras,Macaé - Rio das Ostras - Cabo Frio,685.0,39.0,329.5453337076549,150.9304234025426,125.78788497971459,276.7183083822572,52.8270253253977,16.030275631898775
2015,330420,Resende,RJ,Rio de Janeiro,Sul Fluminense,Vale do Paraíba Fluminense,Resende,Volta Redonda - Barra Mansa,13616.0,1630.0,1829.7355927472554,966.2407213087135,939.7191530796854,1905.959874388399,-76.22428164114353,-4.165863195932951
2015,330430,Rio Bonito,RJ,Rio de Janeiro,Metropolitana do Rio de Janeiro,Macacu-Caceribu,Rio Bonito,Rio de Janeiro,9436.0,716.0,467.53595256251447,220.4105762204606,207.1817632629468,427.5923394834074,39.94361307910708,8.543431336174345
2015,330440,Rio Claro,RJ,Rio de Janeiro,Sul Fluminense,Vale do Paraíba Fluminense,Volta Redonda - Barra Mansa,Volta Redonda - Barra Mansa,497.0,58.0,510.95606605148123,284.9138074215182,311.9639789941284,596.8777864156466,-85.92172036416537,-16.815872454190288
2015,330450,Rio das Flores,RJ,Rio de Janeiro,Sul Fluminense,Barra do Piraí,Valença,Volta Redonda - Barra Mansa,577.0,303.0,1036.0586163781022,473.45930505490423,749.506345664887,1222.9656507197913,-186.90703434168904,-18.040198825341232
2015,330452,Rio das Ostras,RJ,Rio de Janeiro,Baixadas,Bacia de São João,Macaé - Rio das Ostras,Macaé - Rio das Ostras - Cabo Frio,12013.0,946.0,2816.019325803494,2067.0758161244203,911.8966719232153,2978.9724880476356,-162.95316224414137,-5.786649287204234
2015,330455,Rio de Janeiro,RJ,Rio de Janeiro,Metropolitana do Rio de Janeiro,Rio de Janeiro,Rio de Janeiro,Rio de Janeiro,806380.0,111543.0,2154.3198216093842,616.3648293739343,1517.9807189636003,2134.3455483375346,19.974273271849597,0.9271730720524041
2015,330460,Santa Maria Madalena,RJ,Rio de Janeiro,Centro Fluminense,Santa Maria Madalena,Nova Friburgo,Petrópolis,410.0,30.0,264.10060162601644,-96.06316740065017,304.09057167882474,208.02740427817457,56.07319734784187,21.231756763373507
2015,330470,Santo Antônio de Pádua,RJ,Rio de Janeiro,Noroeste Fluminense,Santo Antônio de Pádua,Santo Antônio de Pádua,Campos dos Goytacazes,3986.0,237.0,537.1740006478371,102.18990466082005,379.89690111366554,482.0868057744856,55.087194873351564,10.255000206062814
2015,330475,São Francisco de Itabapoana,RJ,Rio de Janeiro,Norte Fluminense,Campos dos Goytacazes,Campos dos Goytacazes,Campos dos Goytacazes,1474.0,44.0,338.9865366350068,175.2607523164404,49.046658574339745,224.30741089078015,114.67912574422667,33.829994218237594
2015,330480,São Fidélis,RJ,Rio de Janeiro,Norte Fluminense,Campos dos Goytacazes,Campos dos Goytacazes,Campos dos Goytacazes,2250.0,98.0,518.8149014965984,228.65035492030324,122.66400499857195,351.3143599188752,167.5005415777232,32.2852217803581
2015,330490,São Gonçalo,RJ,Rio de Janeiro,Metropolitana do Rio de Janeiro,Rio de Janeiro,Rio de Janeiro,Rio de Janeiro,48348.0,5285.0,734.3520427936953,481.9725114595533,235.45880490688342,717.4313163664367,16.920726427258614,2.3041709481582022
2015,330500,São João da Barra,RJ,Rio de Janeiro,Norte Fluminense,Campos dos Goytacazes,Campos dos Goytacazes,Campos dos Goytacazes,4856.0,104.0,1488.8660502471168,1050.6173775165855,401.8186513782575,1452.436028894843,36.4300213522738,2.4468300117547357
2015,330510,São João de Meriti,RJ,Rio de Janeiro,Metropolitana do Rio de Janeiro,Rio de Janeiro,Rio de Janeiro,Rio de Janeiro,18275.0,3234.0,493.6164229119977,243.13454718878393,190.74714294569367,433.8816901344776,59.734732777520094,12.101447602801832
2015,330513,São José de Ubá,RJ,Rio de Janeiro,Noroeste Fluminense,Santo Antônio de Pádua,Itaperuna,Campos dos Goytacazes,250.0,22.0,341.08236363636354,10.191400655323378,261.5798375350139,271.7712381903373,69.31112544602627,20.320935010266492
2015,330515,São José do Vale do Rio Preto,RJ,Rio de Janeiro,Metropolitana do Rio de Janeiro,Serrana,Petrópolis,Petrópolis,1741.0,208.0,285.2233423264705,117.97024225900236,179.85552039690776,297.8257626559101,-12.60242032943961,-4.418439327807437
2015,330520,São Pedro da Aldeia,RJ,Rio de Janeiro,Baixadas,Lagos,Cabo Frio,Macaé - Rio das Ostras - Cabo Frio,5774.0,533.0,559.4102773317146,330.80429030571145,196.6852321086585,527.48952241437,31.920754917344652,5.706143810871844
2015,330530,São Sebastião do Alto,RJ,Rio de Janeiro,Centro Fluminense,Santa Maria Madalena,Nova Friburgo,Petrópolis,250.0,15.0,496.00013333333334,-120.38146813186813,408.04716442411996,287.6656962922518,208.33443704108151,42.00289940266445
2015,330540,Sapucaia,RJ,Rio de Janeiro,Centro Fluminense,Três Rios,Três Rios - Paraíba do Sul,Petrópolis,1776.0,150.0,452.83101238738755,291.3132672171091,167.94720270741982,459.26046992452893,-6.4294575371413885,-1.4198359567390055
2015,330550,Saquarema,RJ,Rio de Janeiro,Baixadas,Lagos,Rio de Janeiro,Rio de Janeiro,8947.0,763.0,367.6745414213683,320.6616021937946,-67.43823001018995,253.22337218360462,114.45116923776368,31.12839110244473
2015,330555,Seropédica,RJ,Rio de Janeiro,Metropolitana do Rio de Janeiro,Itaguaí,Rio de Janeiro,Rio de Janeiro,4296.0,153.0,221.79974330886967,638.4921721390701,-94.3302531353595,544.1619190037106,-322.36217569484097,-145.33929159959936
2015,330560,Silva Jardim,RJ,Rio de Janeiro,Baixadas,Bacia de São João,Rio Bonito,Rio de Janeiro,1366.0,77.0,550.027845734061,332.92685703433494,80.81539375021248,413.7422507845474,136.28559494951355,24.77794460890036
2015,330570,Sumidouro,RJ,Rio de Janeiro,Centro Fluminense,Nova Friburgo,Nova Friburgo,Petrópolis,670.0,25.0,320.8818985074629,217.81174741799987,152.56253062336532,370.3742780413652,-49.492379533902294,-15.423861478041967
2015,330575,Tanguá,RJ,Rio de Janeiro,Metropolitana do Rio de Janeiro,Rio de Janeiro,Rio de Janeiro,Rio de Janeiro,1875.0,141.0,551.7855329361705,333.8403568316346,214.4512115962948,548.2915684279294,3.493964508241106,0.633210604426137
2015,330580,Teresópolis,RJ,Rio de Janeiro,Metropolitana do Rio de Janeiro,Serrana,Petrópolis,Petrópolis,21141.0,1162.0,425.29390607616847,213.13853948574842,202.63424134505726,415.7727808308057,9.521125245362782,2.2387165932393085
2015,330590,Trajano de Moraes,RJ,Rio de Janeiro,Centro Fluminense,Santa Maria Madalena,Nova Friburgo,Petrópolis,291.0,27.0,336.5392363497517,-103.85698030338199,320.11893730853853,216.26195700515655,120.27727934459517,35.73945215101036
2015,330600,Três Rios,RJ,Rio de Janeiro,Centro Fluminense,Três Rios,Três Rios - Paraíba do Sul,Petrópolis,9503.0,2079.0,682.5334270709784,358.9230844854794,316.07393567347594,674.9970201589554,7.53640691202304,1.1041813650599868
2015,330610,Valença,RJ,Rio de Janeiro,Sul Fluminense,Barra do Piraí,Valença,Volta Redonda - Barra Mansa,4160.0,781.0,724.8054828406628,167.6588727028236,556.0268287705296,723.6857014733532,1.1197813673095425,0.154494053069368
2015,330615,Varre-Sai,RJ,Rio de Janeiro,Noroeste Fluminense,Itaperuna,Itaperuna,Campos dos Goytacazes,230.0,16.0,522.1064619565218,264.92769509433947,292.26583408748115,557.1935291818206,-35.087067225298824,-6.720289784159133
2015,330620,Vassouras,RJ,Rio de Janeiro,Metropolitana do Rio de Janeiro,Vassouras,Valença,Volta Redonda - Barra Mansa,2428.0,549.0,869.8076732519514,145.75717884095388,766.8652286134084,912.6224074543622,-42.81473420241082,-4.922321970596017
2015,330630,Volta Redonda,RJ,Rio de Janeiro,Sul Fluminense,Vale do Paraíba Fluminense,Volta Redonda - Barra Mansa,Volta Redonda - Barra Mansa,29524.0,4910.0,1017.5910652543785,541.8432913067218,453.0739822583362,994.9172735650579,22.673791689320524,2.2281830554057103
2016,330010,Angra dos Reis,RJ,Rio de Janeiro,Sul Fluminense,Baía da Ilha Grande,Angra dos Reis,Rio de Janeiro,14846.0,726.0,1623.6174282987618,1411.7715381970038,130.69175891171972,1542.4632971087235,81.15413119003824,4.998353046448395
2016,330015,Aperibé,RJ,Rio de Janeiro,Noroeste Fluminense,Santo Antônio de Pádua,Santo Antônio de Pádua,Campos dos Goytacazes,613.0,25.0,436.50200587275685,228.69457453416135,145.62522512279406,374.3197996569554,62.18220621580144,14.245571699372203
2016,330020,Araruama,RJ,Rio de Janeiro,Baixadas,Lagos,Cabo Frio,Macaé - Rio das Ostras - Cabo Frio,6310.0,676.0,427.9128933504626,142.30654120148802,213.40014235596823,355.70668355745624,72.20620979300634,16.87404397368067
2016,330022,Areal,RJ,Rio de Janeiro,Centro Fluminense,Três Rios,Petrópolis,Petrópolis,1214.0,272.0,690.5922347126659,373.593255285469,369.80211731521695,743.395372600686,-52.803137888020046,-7.646065975530379
2016,330023,Armação dos Búzios,RJ,Rio de Janeiro,Baixadas,Lagos,Cabo Frio,Macaé - Rio das Ostras - Cabo Frio,3800.0,580.0,455.3435482758621,204.43499929769905,213.73990681376154,418.1749061114606,37.16864216440149,8.162769035630104
2016,330025,Arraial do Cabo,RJ,Rio de Janeiro,Baixadas,Lagos,Cabo Frio,Macaé - Rio das Ostras - Cabo Frio,1873.0,171.0,740.6144424774336,553.27494252321,119.93124188025217,673.2061844034622,67.40825807397141,9.10166669832736
2016,330030,Barra do Piraí,RJ,Rio de Janeiro,Sul Fluminense,Barra do Piraí,Volta Redonda - Barra Mansa,Volta Redonda - Barra Mansa,4469.0,1268.0,724.4847002660458,279.9340096115318,429.0032897659685,708.9372993775003,15.547400888545553,2.145994371287099
2016,330040,Barra Mansa,RJ,Rio de Janeiro,Sul Fluminense,Vale do Paraíba Fluminense,Volta Redonda - Barra Mansa,Volta Redonda - Barra Mansa,12799.0,1580.0,856.0187830027267,449.3945754762508,404.22650516977365,853.6210806460244,2.3977023567022115,0.2800992693514967
2016,330045,Belford Roxo,RJ,Rio de Janeiro,Metropolitana do Rio de Janeiro,Rio de Janeiro,Rio de Janeiro,Rio de Janeiro,9470.0,1007.0,1133.5462886741072,634.7770503110637,494.2827367233235,1129.0597870343872,4.486501639720018,0.39579342145505275
2016,330050,Bom Jardim,RJ,Rio de Janeiro,Centro Fluminense,Nova Friburgo,Nova Friburgo,Petrópolis,2857.0,174.0,359.7325053206682,231.56762071415892,153.82004816476888,385.3876688789278,-25.655163558259574,-7.131733490525237
2016,330060,Bom Jesus do Itabapoana,RJ,Rio de Janeiro,Noroeste Fluminense,Itaperuna,Itaperuna,Campos dos Goytacazes,2507.0,293.0,357.0725894321838,176.80884277208656,186.5475741517821,363.35641692386866,-6.28382749168486,-1.759817941129951
2016,330070,Cabo Frio,RJ,Rio de Janeiro,Baixadas,Lagos,Cabo Frio,Macaé - Rio das Ostras - Cabo Frio,14589.0,1577.0,491.27985352233964,289.5907838801502,168.91751005974675,458.50829393989693,32.771559582442706,6.670650006809714
2016,330080,Cachoeiras de Macacu,RJ,Rio de Janeiro,Metropolitana do Rio de Janeiro,Macacu-Caceribu,Rio Bonito,Rio de Janeiro,3718.0,225.0,571.7096935628472,456.0850586076474,141.65961578497672,597.7446743926241,-26.03498082977694,-4.553881300757577
2016,330090,Cambuci,RJ,Rio de Janeiro,Noroeste Fluminense,Santo Antônio de Pádua,Santo Antônio de Pádua,Campos dos Goytacazes,373.0,51.0,199.52484939284045,-32.936439037153605,168.38818560348818,135.45174656633458,64.07310282650587,32.112843598921174
2016,330093,Carapebus,RJ,Rio de Janeiro,Norte Fluminense,Macaé,Macaé - Rio das Ostras,Macaé - Rio das Ostras - Cabo Frio,197.0,11.0,1139.4113844024,484.3731073850636,295.100146685063,779.4732540701266,359.93813033227343,31.58983096531498
2016,330095,Comendador Levy Gasparian,RJ,Rio de Janeiro,Centro Fluminense,Três Rios,Três Rios - Paraíba do Sul,Petrópolis,794.0,326.0,897.9676370323439,-18.405275749791144,799.1256287014223,780.7203529516312,117.24728408071269,13.056960991177633
2016,330100,Campos dos Goytacazes,RJ,Rio de Janeiro,Norte Fluminense,Campos dos Goytacazes,Campos dos Goytacazes,Campos dos Goytacazes,41682.0,3546.0,393.6457077464529,203.57970068842587,185.20946345249672,388.7891641409226,4.856543605530305,1.2337346781533824
2016,330110,Cantagalo,RJ,Rio de Janeiro,Centro Fluminense,Cantagalo-Cordeiro,Nova Friburgo,Petrópolis,1640.0,228.0,1593.681676615319,1023.3105417271177,762.0996048258321,1785.4101465529498,-191.72846993763073,-12.03053738716668
2016,330115,Cardoso Moreira,RJ,Rio de Janeiro,Norte Fluminense,Campos dos Goytacazes,Campos dos Goytacazes,Campos dos Goytacazes,591.0,6.0,297.8259475465313,163.29794582043337,-149.43351424694697,13.8644315734864,283.9615159730449,95.34478721961582
2016,330120,Carmo,RJ,Rio de Janeiro,Centro Fluminense,Cantagalo-Cordeiro,Nova Friburgo,Petrópolis,1186.0,108.0,233.79647976391243,57.948949623519866,204.24032381465508,262.18927343817495,-28.39279367426252,-12.144234893071765
2016,330130,Casimiro de Abreu,RJ,Rio de Janeiro,Baixadas,Bacia de São João,Macaé - Rio das Ostras,Macaé - Rio das Ostras - Cabo Frio,2123.0,197.0,495.3249897066453,212.65276886484298,196.56638917843043,409.2191580432734,86.10583166337187,17.383704325995705
2016,330140,Conceição de Macabu,RJ,Rio de Janeiro,Norte Fluminense,Macaé,Macaé - Rio das Ostras,Macaé - Rio das Ostras - Cabo Frio,813.0,29.0,386.8838503626416,282.95705658105953,226.15051696662363,509.10757354768316,-122.22372318504154,-31.59183901588975
2016,330150,Cordeiro,RJ,Rio de Janeiro,Centro Fluminense,Cantagalo-Cordeiro,Nova Friburgo,Petrópolis,1554.0,275.0,631.7705837603837,443.47921457023995,153.35768034580542,596.8368949160454,34.93368884433835,5.5294896189069656
2016,330160,Duas Barras,RJ,Rio de Janeiro,Centro Fluminense,Nova Friburgo,Nova Friburgo,Petrópolis,594.0,51.0,221.45381065557535,76.71430809399453,108.76585408359165,185.48016217758618,35.97364847798917,16.244312243485656
2016,330170,Duque de Caxias,RJ,Rio de Janeiro,Metropolitana do Rio de Janeiro,Rio de Janeiro,Rio de Janeiro,Rio de Janeiro,48031.0,7411.0,1277.0176055741122,745.2769984683036,563.6436200384944,1308.920618506798,-31.903012932685897,-2.498243782500021
2016,330180,Engenheiro Paulo de Frontin,RJ,Rio de Janeiro,Metropolitana do Rio de Janeiro,Vassouras,Volta Redonda - Barra Mansa,Volta Redonda - Barra Mansa,445.0,64.0,6.246276685393241,-20.17565961331229,100.33154824678991,80.15588863347762,-73.90961194808438,-1183.258694270142
2016,330185,Guapimirim,RJ,Rio de Janeiro,Metropolitana do Rio de Janeiro,Rio de Janeiro,Rio de Janeiro,Rio de Janeiro,2190.0,135.0,398.5418924403855,320.869648542601,8.823967770261788,329.6936163128628,68.8482761275227,17.275041202305005
2016,330187,Iguaba Grande,RJ,Rio de Janeiro,Baixadas,Lagos,Cabo Frio,Macaé - Rio das Ostras - Cabo Frio,721.0,47.0,297.9527638917582,203.16140916543281,112.94654525658416,316.107954422017,-18.15519053025878,-6.093311668977935
2016,330190,Itaboraí,RJ,Rio de Janeiro,Metropolitana do Rio de Janeiro,Rio de Janeiro,Rio de Janeiro,Rio de Janeiro,10583.0,965.0,1059.926038840275,665.7373072183086,457.16154773667813,1122.8988549549867,-62.972816114711804,-5.941246257485468
2016,330200,Itaguaí,RJ,Rio de Janeiro,Metropolitana do Rio de Janeiro,Itaguaí,Rio de Janeiro,Rio de Janeiro,8438.0,568.0,2035.0899343220979,1316.7496881884042,873.8503889009808,2190.600077089385,-155.51014276728733,-7.641438353390943
2016,330205,Italva,RJ,Rio de Janeiro,Noroeste Fluminense,Itaperuna,Campos dos Goytacazes,Campos dos Goytacazes,729.0,22.0,309.3271461528868,127.9628545987041,113.89870343560915,241.86155803431325,67.46558811857358,21.810432403895227
2016,330210,Itaocara,RJ,Rio de Janeiro,Noroeste Fluminense,Santo Antônio de Pádua,Santo Antônio de Pádua,Campos dos Goytacazes,1262.0,116.0,366.6362622274439,205.67190335621194,216.76376879502573,422.43567215123767,-55.799409923793746,-15.219282889475458
2016,330220,Itaperuna,RJ,Rio de Janeiro,Noroeste Fluminense,Itaperuna,Itaperuna,Campos dos Goytacazes,8189.0,1142.0,500.5347718170485,73.43336815108137,399.0851351912074,472.5185033422888,28.016268474759727,5.597267173478211
2016,330225,Itatiaia,RJ,Rio de Janeiro,Sul Fluminense,Vale do Paraíba Fluminense,Resende,Volta Redonda - Barra Mansa,2758.0,238.0,1684.6230800238875,923.586544806733,758.2606914591181,1681.847236265851,2.7758437580364443,0.16477536078854407
2016,330227,Japeri,RJ,Rio de Janeiro,Metropolitana do Rio de Janeiro,Rio de Janeiro,Rio de Janeiro,Rio de Janeiro,1563.0,174.0,845.1117401328127,357.5103801540913,418.08054326660135,775.5909234206927,69.52081671212,8.226227776837478
2016,330230,Laje do Muriaé,RJ,Rio de Janeiro,Noroeste Fluminense,Itaperuna,Itaperuna,Campos dos Goytacazes,158.0,12.0,342.15790084388186,70.40155856214369,183.89000560224122,254.2915641643849,87.86633667949695,25.680054870218584
2016,330240,Macaé,RJ,Rio de Janeiro,Norte Fluminense,Macaé,Macaé - Rio das Ostras,Macaé - Rio das Ostras - Cabo Frio,48454.0,3165.0,5826.450592570494,3611.30402474395,2439.16919232929,6050.47321707324,-224.0226245027461,-3.8449244689108832
2016,330245,Macuco,RJ,Rio de Janeiro,Centro Fluminense,Cantagalo-Cordeiro,Nova Friburgo,Petrópolis,501.0,77.0,474.2266715918811,174.17882903467785,268.5520331933287,442.7308622280066,31.495809363874514,6.641509482828028
2016,330250,Magé,RJ,Rio de Janeiro,Metropolitana do Rio de Janeiro,Rio de Janeiro,Rio de Janeiro,Rio de Janeiro,7504.0,708.0,603.0088536434052,427.51408221350766,147.38047046125803,574.8945526747657,28.114300968639554,4.662336348591194
2016,330260,Mangaratiba,RJ,Rio de Janeiro,Metropolitana do Rio de Janeiro,Itaguaí,Rio de Janeiro,Rio de Janeiro,1736.0,236.0,708.0990654534096,456.330046849954,290.79695520897417,747.1270020589282,-39.02793660551856,-5.511649218252847
2016,330270,Maricá,RJ,Rio de Janeiro,Metropolitana do Rio de Janeiro,Rio de Janeiro,Rio de Janeiro,Rio de Janeiro,6685.0,266.0,420.830776876747,310.62266346143974,-51.51869526983137,259.1039681916084,161.72680868513862,38.430366211667355
2016,330280,Mendes,RJ,Rio de Janeiro,Metropolitana do Rio de Janeiro,Vassouras,Volta Redonda - Barra Mansa,Volta Redonda - Barra Mansa,285.0,52.0,494.6670188933872,185.66909139491486,272.5566554054053,458.22574680032017,36.44127209306703,7.3668287355379585
2016,330285,Mesquita,RJ,Rio de Janeiro,Metropolitana do Rio de Janeiro,Rio de Janeiro,Rio de Janeiro,Rio de Janeiro,5200.0,674.0,397.29256607509706,199.80157910620323,168.86287296562136,368.6644520718246,28.628114003272458,7.20580157995232
2016,330290,Miguel Pereira,RJ,Rio de Janeiro,Metropolitana do Rio de Janeiro,Vassouras,Valença,Volta Redonda - Barra Mansa,926.0,134.0,669.5480403597562,236.29879396719457,409.49755449362874,645.7963484608233,23.751691898932904,3.547421613865203
2016,330300,Miracema,RJ,Rio de Janeiro,Noroeste Fluminense,Santo Antônio de Pádua,Santo Antônio de Pádua,Campos dos Goytacazes,1432.0,131.0,256.17672096891124,54.145968967066665,185.9708350223841,240.11680398945077,16.059916979460468,6.269077423865318
2016,330310,Natividade,RJ,Rio de Janeiro,Noroeste Fluminense,Itaperuna,Itaperuna,Campos dos Goytacazes,568.0,53.0,368.49491629019394,176.06992111580894,239.26111570247895,415.3310368182879,-46.83612052809394,-12.710113072824583
2016,330320,Nilópolis,RJ,Rio de Janeiro,Metropolitana do Rio de Janeiro,Rio de Janeiro,Rio de Janeiro,Rio de Janeiro,5541.0,982.0,304.47234298954913,168.94692953768163,161.85768040086987,330.8046099385515,-26.33226694900236,-8.648492237571215
2016,330330,Niterói,RJ,Rio de Janeiro,Metropolitana do Rio de Janeiro,Rio de Janeiro,Rio de Janeiro,Rio de Janeiro,72171.0,7291.0,1195.6177236074868,601.9198703589357,617.4433633678073,1219.363233726743,-23.745510119256096,-1.98604534295542
2016,330340,Nova Friburgo,RJ,Rio de Janeiro,Centro Fluminense,Nova Friburgo,Nova Friburgo,Petrópolis,25614.0,2228.0,426.7156533616951,215.4302485913363,220.82083891559842,436.2510875069347,-9.535434145239606,-2.234610816387635
2016,330350,Nova Iguaçu,RJ,Rio de Janeiro,Metropolitana do Rio de Janeiro,Rio de Janeiro,Rio de Janeiro,Rio de Janeiro,26748.0,5279.0,682.7663359618527,349.3821704639304,318.3096616316841,667.6918320956145,15.074503866238274,2.207856930292549
2016,330360,Paracambi,RJ,Rio de Janeiro,Metropolitana do Rio de Janeiro,Vassouras,Rio de Janeiro,Rio de Janeiro,1524.0,209.0,504.88616537316784,226.10914924079088,270.443902426342,496.5530516671329,8.333113706034965,1.6504935721254819
2016,330370,Paraíba do Sul,RJ,Rio de Janeiro,Centro Fluminense,Três Rios,Três Rios - Paraíba do Sul,Petrópolis,2196.0,544.0,598.0464047265084,200.44971737619335,408.03185338503135,608.4815707612247,-10.435166034716303,-1.7448756404594374
2016,330380,Paraty,RJ,Rio de Janeiro,Sul Fluminense,Baía da Ilha Grande,Angra dos Reis,Rio de Janeiro,2891.0,216.0,370.8400722228623,172.95682828617623,106.15371413276034,279.1105424189366,91.72952980392574,24.735603478363956
2016,330385,Paty do Alferes,RJ,Rio de Janeiro,Metropolitana do Rio de Janeiro,Vassouras,Valença,Volta Redonda - Barra Mansa,925.0,105.0,448.3917863577865,240.50512213520778,143.72288798474256,384.22801011995034,64.16377623783615,14.309757268086479
2016,330390,Petrópolis,RJ,Rio de Janeiro,Metropolitana do Rio de Janeiro,Serrana,Petrópolis,Petrópolis,38473.0,3017.0,678.0792469225476,316.7080723885697,374.46846684312345,691.1765392316931,-13.097292309145587,-1.931528264371377
2016,330395,Pinheiral,RJ,Rio de Janeiro,Sul Fluminense,Vale do Paraíba Fluminense,Volta Redonda - Barra Mansa,Volta Redonda - Barra Mansa,784.0,134.0,439.49254778403883,201.88161620671644,146.7554327983844,348.63704900510083,90.855498778938,20.67281896747502
2016,330400,Piraí,RJ,Rio de Janeiro,Sul Fluminense,Vale do Paraíba Fluminense,Volta Redonda - Barra Mansa,Volta Redonda - Barra Mansa,2002.0,372.0,1602.0255815689688,840.7000408803942,746.3702393198332,1587.0702802002274,14.955301368741402,0.9335245042775593
2016,330410,Porciúncula,RJ,Rio de Janeiro,Noroeste Fluminense,Itaperuna,Itaperuna,Campos dos Goytacazes,468.0,68.0,250.59767596782285,34.81657007438184,156.95744413691523,191.77401421129707,58.82366175652578,23.473346881348906
2016,330411,Porto Real,RJ,Rio de Janeiro,Sul Fluminense,Vale do Paraíba Fluminense,Resende,Volta Redonda - Barra Mansa,3735.0,202.0,2344.3305725608707,637.5459446712275,1736.9236966110336,2374.4696412822614,-30.139068721390686,-1.2856151378202496
2016,330412,Quatis,RJ,Rio de Janeiro,Sul Fluminense,Vale do Paraíba Fluminense,Resende,Volta Redonda - Barra Mansa,303.0,67.0,606.8931264469732,274.65122761859107,320.4903205128205,595.1415481314116,11.751578315561574,1.9363505374266847
2016,330414,Queimados,RJ,Rio de Janeiro,Metropolitana do Rio de Janeiro,Rio de Janeiro,Rio de Janeiro,Rio de Janeiro,4588.0,582.0,659.3278359278802,376.4060190453888,226.6271525641505,603.0331716095393,56.29466431834089,8.538190146198927
2016,330415,Quissamã,RJ,Rio de Janeiro,Norte Fluminense,Macaé,Macaé - Rio das Ostras,Macaé - Rio das Ostras - Cabo Frio,631.0,58.0,148.0928955134159,82.04770619331316,221.59080845730114,303.6385146506143,-155.5456191371984,-105.032465330592
2016,330420,Resende,RJ,Rio de Janeiro,Sul Fluminense,Vale do Paraíba Fluminense,Resende,Volta Redonda - Barra Mansa,12320.0,1414.0,1962.5259923572717,1018.1753274047,1079.1814275632191,2097.356754967919,-134.83076261064753,-6.870266337145256
2016,330430,Rio Bonito,RJ,Rio de Janeiro,Metropolitana do Rio de Janeiro,Macacu-Caceribu,Rio Bonito,Rio de Janeiro,7816.0,487.0,591.4037961828421,339.42185242530945,245.80759903863986,585.2294514639493,6.174344718892826,1.044015063607053
2016,330440,Rio Claro,RJ,Rio de Janeiro,Sul Fluminense,Vale do Paraíba Fluminense,Volta Redonda - Barra Mansa,Volta Redonda - Barra Mansa,452.0,49.0,361.1285253747517,178.10753146283628,194.28847061047054,372.3960020733068,-11.267476698555129,-3.1200738537235737
2016,330450,Rio das Flores,RJ,Rio de Janeiro,Sul Fluminense,Barra do Piraí,Valença,Volta Redonda - Barra Mansa,530.0,301.0,1076.7375662257878,497.26277874686843,745.7969389736475,1243.059717720516,-166.32215149472813,-15.44686065683818
2016,330452,Rio das Ostras,RJ,Rio de Janeiro,Baixadas,Bacia de São João,Macaé - Rio das Ostras,Macaé - Rio das Ostras - Cabo Frio,9586.0,691.0,3038.6955224333724,2123.9602105049926,932.869832210652,3056.8300427156446,-18.134520282272206,-0.5967863561318631
2016,330455,Rio de Janeiro,RJ,Rio de Janeiro,Metropolitana do Rio de Janeiro,Rio de Janeiro,Rio de Janeiro,Rio de Janeiro,732673.0,103818.0,2339.614115757232,663.1759556146708,1652.9261784115185,2316.1021340261896,23.511981731042397,1.0049512683604485
2016,330460,Santa Maria Madalena,RJ,Rio de Janeiro,Centro Fluminense,Santa Maria Madalena,Nova Friburgo,Petrópolis,408.0,32.0,286.2383639705881,9.127832726827819,215.13299721819362,224.26082994502144,61.97753402556668,21.652420439328345
2016,330470,Santo Antônio de Pádua,RJ,Rio de Janeiro,Noroeste Fluminense,Santo Antônio de Pádua,Santo Antônio de Pádua,Campos dos Goytacazes,3726.0,242.0,541.3969423262042,142.2190188481179,343.1247921818954,485.3438110300133,56.05313129619094,10.353425908788681
2016,330475,São Francisco de Itabapoana,RJ,Rio de Janeiro,Norte Fluminense,Campos dos Goytacazes,Campos dos Goytacazes,Campos dos Goytacazes,1713.0,125.0,382.32472896672493,177.57935016843794,150.36720200261766,327.9465521710556,54.37817679566933,14.223034158065683
2016,330480,São Fidélis,RJ,Rio de Janeiro,Norte Fluminense,Campos dos Goytacazes,Campos dos Goytacazes,Campos dos Goytacazes,2238.0,127.0,512.3548737272451,204.64358234871156,136.57640494384327,341.21998729255483,171.13488643469032,33.40163141022347
2016,330490,São Gonçalo,RJ,Rio de Janeiro,Metropolitana do Rio de Janeiro,Rio de Janeiro,Rio de Janeiro,Rio de Janeiro,42079.0,4404.0,708.6516996893026,476.13864890555374,238.5658015589695,714.7044504645232,-6.052750775220602,-0.8541220994565224
2016,330500,São João da Barra,RJ,Rio de Janeiro,Norte Fluminense,Campos dos Goytacazes,Campos dos Goytacazes,Campos dos Goytacazes,3958.0,81.0,1190.338504544632,925.2299702082269,661.1526197501798,1586.3825899584067,-396.0440854137746,-33.271551235359105
2016,330510,São João de Meriti,RJ,Rio de Janeiro,Metropolitana do Rio de Janeiro,Rio de Janeiro,Rio de Janeiro,Rio de Janeiro,17349.0,3273.0,565.8785945536395,297.9370323997407,230.06477937243994,528.0018117721806,37.876782781458814,6.693446818099864
2016,330513,São José de Ubá,RJ,Rio de Janeiro,Noroeste Fluminense,Santo Antônio de Pádua,Itaperuna,Campos dos Goytacazes,218.0,16.0,349.13809059633013,-28.004412378822053,296.7425249474786,268.73811256865656,80.39997802767357,23.028131330600417
2016,330515,São José do Vale do Rio Preto,RJ,Rio de Janeiro,Metropolitana do Rio de Janeiro,Serrana,Petrópolis,Petrópolis,1715.0,194.0,311.0498925791229,126.1470214945225,210.76790776986945,336.91492926439196,-25.865036685269047,-8.315398044604585
2016,330520,São Pedro da Aldeia,RJ,Rio de Janeiro,Baixadas,Lagos,Cabo Frio,Macaé - Rio das Ostras - Cabo Frio,5233.0,414.0,585.3914381050765,279.4938134517372,261.6579065154647,541.1517199672019,44.23971813787466,7.5572882106167265
2016,330530,São Sebastião do Alto,RJ,Rio de Janeiro,Centro Fluminense,Santa Maria Madalena,Nova Friburgo,Petrópolis,247.0,17.0,346.75148130507273,-241.9257880644427,399.63096968089826,157.70518161645555,189.04629968861718,54.519247899706535
2016,330540,Sapucaia,RJ,Rio de Janeiro,Centro Fluminense,Três Rios,Três Rios - Paraíba do Sul,Petrópolis,1735.0,167.0,651.6199225525895,352.42864189470765,339.4282616272901,691.8569035219978,-40.23698096940825,-6.1749157103404695
2016,330550,Saquarema,RJ,Rio de Janeiro,Baixadas,Lagos,Rio de Janeiro,Rio de Janeiro,7567.0,670.0,572.0819661649464,255.2140668591062,348.63557460553807,603.8496414646443,-31.767675299697885,-5.552993657999425
2016,330555,Seropédica,RJ,Rio de Janeiro,Metropolitana do Rio de Janeiro,Itaguaí,Rio de Janeiro,Rio de Janeiro,3957.0,169.0,654.4582837993639,496.2556579434231,209.10427584508489,705.359933788508,-50.90164998914406,-7.77767678233696
2016,330560,Silva Jardim,RJ,Rio de Janeiro,Baixadas,Bacia de São João,Rio Bonito,Rio de Janeiro,1249.0,55.0,550.542450687823,311.52093045040056,107.26666363697018,418.78759408737073,131.75485660045229,23.931825136434746
2016,330570,Sumidouro,RJ,Rio de Janeiro,Centro Fluminense,Nova Friburgo,Nova Friburgo,Petrópolis,641.0,29.0,354.8918634676422,334.46294930836734,133.20001457849912,467.66296388686646,-112.77110041922424,-31.776186502936355
2016,330575,Tanguá,RJ,Rio de Janeiro,Metropolitana do Rio de Janeiro,Rio de Janeiro,Rio de Janeiro,Rio de Janeiro,1635.0,133.0,565.6868467039158,331.25659471665745,209.83071545778716,541.0873101744446,24.599536529471152,4.348613844003114
2016,330580,Teresópolis,RJ,Rio de Janeiro,Metropolitana do Rio de Janeiro,Serrana,Petrópolis,Petrópolis,20305.0,1123.0,471.8375296654774,223.54294932940024,220.9618807576162,444.50483008701644,27.33269957846096,5.7928201679589275
2016,330590,Trajano de Moraes,RJ,Rio de Janeiro,Centro Fluminense,Santa Maria Madalena,Nova Friburgo,Petrópolis,317.0,28.0,338.2660207300587,-14.07085602615848,267.31069875776393,253.23984273160545,85.02617799845325,25.13589092245993
2016,330600,Três Rios,RJ,Rio de Janeiro,Centro Fluminense,Três Rios,Três Rios - Paraíba do Sul,Petrópolis,8250.0,1819.0,702.4028702263984,292.03219169443355,410.3772085633757,702.4094002578092,-0.006530031410875381,-0.0009296703768836568
2016,330610,Valença,RJ,Rio de Janeiro,Sul Fluminense,Barra do Piraí,Valença,Volta Redonda - Barra Mansa,3762.0,711.0,753.8246415857438,134.71063965252029,584.9418788908933,719.6525185434136,34.17212304233021,4.533166091578781
2016,330615,Varre-Sai,RJ,Rio de Janeiro,Noroeste Fluminense,Itaperuna,Itaperuna,Campos dos Goytacazes,200.0,13.0,482.0236615384615,334.4148095842809,243.24142777777752,577.6562373620584,-95.63257582359688,-19.839809423124386
2016,330620,Vassouras,RJ,Rio de Janeiro,Metropolitana do Rio de Janeiro,Vassouras,Valença,Volta Redonda - Barra Mansa,2145.0,415.0,1007.644988625832,71.90765019362175,881.0619030873165,952.9695532809383,54.675435344893685,5.426061357131036
2016,330630,Volta Redonda,RJ,Rio de Janeiro,Sul Fluminense,Vale do Paraíba Fluminense,Volta Redonda - Barra Mansa,Volta Redonda - Barra Mansa,25689.0,4149.0,975.9482698098539,518.3769029940208,445.34276100851207,963.7196640025329,12.228605807320946,1.2529973345517045
2018,330010,Angra dos Reis,RJ,Rio de Janeiro,Sul Fluminense,Baía da Ilha Grande,Angra dos Reis,Rio de Janeiro,11008.0,713.0,2037.5118894418745,1733.4616449625598,370.2014127144671,2103.6630576770267,-66.15116823515223,-3.24666415827751
2018,330015,Aperibé,RJ,Rio de Janeiro,Noroeste Fluminense,Santo Antônio de Pádua,Santo Antônio de Pádua,Campos dos Goytacazes,484.0,30.0,463.5327355371901,258.8453823917175,86.74199520233606,345.5873775940536,117.94535794313651,25.444882076440432
2018,330020,Araruama,RJ,Rio de Janeiro,Baixadas,Lagos,Cabo Frio,Macaé - Rio das Ostras - Cabo Frio,5346.0,604.0,371.9574158496914,163.36868502374318,176.0293410495167,339.39802607325987,32.559389776431544,8.753526180424064
2018,330022,Areal,RJ,Rio de Janeiro,Centro Fluminense,Três Rios,Petrópolis,Petrópolis,1119.0,230.0,995.9311022263666,492.60264981188925,531.9753870641507,1024.57803687604,-28.646934649673312,-2.876397231257681
2018,330023,Armação dos Búzios,RJ,Rio de Janeiro,Baixadas,Lagos,Cabo Frio,Macaé - Rio das Ostras - Cabo Frio,4463.0,561.0,412.4459206076665,240.33548255463802,164.04319212049222,404.37867467513024,8.067245932536252,1.9559524120521268
2018,330025,Arraial do Cabo,RJ,Rio de Janeiro,Baixadas,Lagos,Cabo Frio,Macaé - Rio das Ostras - Cabo Frio,2337.0,153.0,604.3392009195632,486.9569406439914,148.46205185786425,635.4189925018557,-31.0797915822925,-5.142772723497244
2018,330030,Barra do Piraí,RJ,Rio de Janeiro,Sul Fluminense,Barra do Piraí,Volta Redonda - Barra Mansa,Volta Redonda - Barra Mansa,4091.0,1255.0,628.8653297326462,221.6532516495481,427.7493989375421,649.4026505870902,-20.537320854444033,-3.265774066949311
2018,330040,Barra Mansa,RJ,Rio de Janeiro,Sul Fluminense,Vale do Paraíba Fluminense,Volta Redonda - Barra Mansa,Volta Redonda - Barra Mansa,11717.0,1494.0,880.5683916640075,501.4008576692079,360.65317486472327,862.0540325339311,18.5143591300764,2.1025464126744167
2018,330045,Belford Roxo,RJ,Rio de Janeiro,Metropolitana do Rio de Janeiro,Rio de Janeiro,Rio de Janeiro,Rio de Janeiro,6896.0,900.0,910.3603071990206,526.203893681349,301.08118786325304,827.285081544602,83.07522565441855,9.125532494933005
2018,330050,Bom Jardim,RJ,Rio de Janeiro,Centro Fluminense,Nova Friburgo,Nova Friburgo,Petrópolis,2655.0,155.0,399.0103168701778,235.99295944944788,196.87482499594057,432.86778444538845,-33.85746757521065,-8.485361441475343
2018,330060,Bom Jesus do Itabapoana,RJ,Rio de Janeiro,Noroeste Fluminense,Itaperuna,Itaperuna,Campos dos Goytacazes,2368.0,258.0,323.372510770218,171.24986855977045,201.9276863537059,373.17755491347634,-49.80504414325833,-15.401755710351269
2018,330070,Cabo Frio,RJ,Rio de Janeiro,Baixadas,Lagos,Cabo Frio,Macaé - Rio das Ostras - Cabo Frio,13008.0,1407.0,504.4497330984773,280.5030325196876,227.87874076501248,508.3817732847001,-3.932040186222821,-0.7794711600046023
2018,330080,Cachoeiras de Macacu,RJ,Rio de Janeiro,Metropolitana do Rio de Janeiro,Macacu-Caceribu,Rio Bonito,Rio de Janeiro,3041.0,85.0,290.3028851964332,315.12311662989237,125.51580776236551,440.6389243922579,-150.3360391958247,-51.785926651779555
2018,330090,Cambuci,RJ,Rio de Janeiro,Noroeste Fluminense,Santo Antônio de Pádua,Santo Antônio de Pádua,Campos dos Goytacazes,394.0,26.0,400.9106364701288,151.87051628524569,281.2693461998799,433.1398624851256,-32.22922601499681,-8.039004975962557
2018,330093,Carapebus,RJ,Rio de Janeiro,Norte Fluminense,Macaé,Macaé - Rio das Ostras,Macaé - Rio das Ostras - Cabo Frio,137.0,10.0,998.7733138686128,322.42797834828366,725.2562952176572,1047.6842735659409,-48.91095969732805,-4.89710317828558
2018,330095,Comendador Levy Gasparian,RJ,Rio de Janeiro,Centro Fluminense,Três Rios,Três Rios - Paraíba do Sul,Petrópolis,641.0,360.0,840.9540265643959,390.17990013067265,522.5096261086073,912.68952623928,-71.73549967488407,-8.530252238395214
2018,330100,Campos dos Goytacazes,RJ,Rio de Janeiro,Norte Fluminense,Campos dos Goytacazes,Campos dos Goytacazes,Campos dos Goytacazes,33656.0,3323.0,343.92920626160026,120.38499963643994,218.00428156734074,338.3892812037807,5.539925057819573,1.6107748213758217
2018,330110,Cantagalo,RJ,Rio de Janeiro,Centro Fluminense,Cantagalo-Cordeiro,Nova Friburgo,Petrópolis,1345.0,211.0,1372.2107212600645,792.142188171393,772.1059310502162,1564.2481192216092,-192.03739796154468,-13.994745485241644
2018,330115,Cardoso Moreira,RJ,Rio de Janeiro,Norte Fluminense,Campos dos Goytacazes,Campos dos Goytacazes,Campos dos Goytacazes,430.0,8.0,401.048058139535,134.74443182916207,11.755089126559824,146.4995209557219,254.5485371838131,63.47083149203257
2018,330120,Carmo,RJ,Rio de Janeiro,Centro Fluminense,Cantagalo-Cordeiro,Nova Friburgo,Petrópolis,1191.0,124.0,374.1031282332549,205.05998485661576,309.29545332187854,514.3554381784943,-140.2523099452394,-37.49027991495208
2018,330130,Casimiro de Abreu,RJ,Rio de Janeiro,Baixadas,Bacia de São João,Macaé - Rio das Ostras,Macaé - Rio das Ostras - Cabo Frio,1522.0,168.0,499.33046336274333,170.5306614890119,151.3499044161474,321.8805659051593,177.44989745758403,35.5375668975906
2018,330140,Conceição de Macabu,RJ,Rio de Janeiro,Norte Fluminense,Macaé,Macaé - Rio das Ostras,Macaé - Rio das Ostras - Cabo Frio,596.0,48.0,212.35720497762895,209.8618207762563,32.40694140446908,242.2687621807254,-29.911557203096436,-14.085492039814476
2018,330150,Cordeiro,RJ,Rio de Janeiro,Centro Fluminense,Cantagalo-Cordeiro,Nova Friburgo,Petrópolis,1828.0,306.0,801.2230228758172,568.2994324814708,164.35060587460816,732.650038356079,68.57298451973816,8.558538953812164
2018,330160,Duas Barras,RJ,Rio de Janeiro,Centro Fluminense,Nova Friburgo,Nova Friburgo,Petrópolis,577.0,34.0,274.6244770109081,53.49274877129733,105.61498887909715,159.10773765039448,115.51673936051361,42.063526389865565
2018,330170,Duque de Caxias,RJ,Rio de Janeiro,Metropolitana do Rio de Janeiro,Rio de Janeiro,Rio de Janeiro,Rio de Janeiro,37761.0,6310.0,1539.1411546714426,859.0072098145488,685.3975549596166,1544.4047647741654,-5.263610102722851,-0.34198358524475053
2018,330180,Engenheiro Paulo de Frontin,RJ,Rio de Janeiro,Metropolitana do Rio de Janeiro,Vassouras,Volta Redonda - Barra Mansa,Volta Redonda - Barra Mansa,375.0,37.0,585.2101153153155,295.52337358154864,419.13278936781603,714.6561629493647,-129.44604763404914,-22.119584786107577
2018,330185,Guapimirim,RJ,Rio de Janeiro,Metropolitana do Rio de Janeiro,Rio de Janeiro,Rio de Janeiro,Rio de Janeiro,1697.0,119.0,383.35041090802883,339.94004016064287,77.41289337793069,417.35293353857355,-34.00252263054472,-8.869828142352612
2018,330187,Iguaba Grande,RJ,Rio de Janeiro,Baixadas,Lagos,Cabo Frio,Macaé - Rio das Ostras - Cabo Frio,660.0,26.0,440.6653065268065,142.17470881720442,237.90274142383782,380.07745024104224,60.587856285764246,13.74917775199954
2018,330190,Itaboraí,RJ,Rio de Janeiro,Metropolitana do Rio de Janeiro,Rio de Janeiro,Rio de Janeiro,Rio de Janeiro,8392.0,1026.0,1028.9094513060802,620.0847141899055,387.00479802341874,1007.0895122133243,21.81993909275593,2.1206860394817126
2018,330200,Itaguaí,RJ,Rio de Janeiro,Metropolitana do Rio de Janeiro,Itaguaí,Rio de Janeiro,Rio de Janeiro,7106.0,489.0,2307.913886496449,1406.8849798284718,947.8627607707413,2354.747740599213,-46.833854102764235,-2.029272165516575
2018,330205,Italva,RJ,Rio de Janeiro,Noroeste Fluminense,Itaperuna,Campos dos Goytacazes,Campos dos Goytacazes,604.0,38.0,382.6927466016032,172.1131884061267,289.9336833471036,462.04687175323033,-79.35412515162716,-20.73572751412444
2018,330210,Itaocara,RJ,Rio de Janeiro,Noroeste Fluminense,Santo Antônio de Pádua,Santo Antônio de Pádua,Campos dos Goytacazes,1264.0,157.0,369.5697765661532,190.44682687444174,183.0604134475493,373.50724032199105,-3.9374637558378254,-1.0654182255980602
2018,330220,Itaperuna,RJ,Rio de Janeiro,Noroeste Fluminense,Itaperuna,Itaperuna,Campos dos Goytacazes,7759.0,1124.0,539.497155085427,68.69894016753801,467.9919036190072,536.6908437865452,2.8063112988818375,0.5201716584469236
2018,330225,Itatiaia,RJ,Rio de Janeiro,Sul Fluminense,Vale do Paraíba Fluminense,Resende,Volta Redonda - Barra Mansa,2864.0,291.0,2158.2882552338306,1134.7583028626432,1267.8595944353328,2402.617897297976,-244.32964206414545,-11.320528732510503
2018,330227,Japeri,RJ,Rio de Janeiro,Metropolitana do Rio de Janeiro,Rio de Janeiro,Rio de Janeiro,Rio de Janeiro,1446.0,191.0,1047.8671366035935,387.23826806016973,699.4222850739509,1086.6605531341206,-38.79341653052711,-3.702131231662302
2018,330230,Laje do Muriaé,RJ,Rio de Janeiro,Noroeste Fluminense,Itaperuna,Itaperuna,Campos dos Goytacazes,141.0,14.0,413.6670314083078,159.20869894598172,123.72014502575257,282.9288439717343,130.73818743657353,31.60469109454582
2018,330240,Macaé,RJ,Rio de Janeiro,Norte Fluminense,Macaé,Macaé - Rio das Ostras,Macaé - Rio das Ostras - Cabo Frio,41390.0,2754.0,5778.184229595101,3469.608780120193,2665.1555628873125,6134.764343007506,-356.5801134124049,-6.171144761810265
2018,330245,Macuco,RJ,Rio de Janeiro,Centro Fluminense,Cantagalo-Cordeiro,Nova Friburgo,Petrópolis,429.0,64.0,611.4281778117718,234.06378869969035,382.1888835728771,616.2526722725675,-4.824494460795677,-0.7890533403386748
2018,330250,Magé,RJ,Rio de Janeiro,Metropolitana do Rio de Janeiro,Rio de Janeiro,Rio de Janeiro,Rio de Janeiro,6425.0,643.0,575.1421537031542,368.89338344680596,150.83607922123883,519.7294626680448,55.41269103510945,9.63460784057038
2018,330260,Mangaratiba,RJ,Rio de Janeiro,Metropolitana do Rio de Janeiro,Itaguaí,Rio de Janeiro,Rio de Janeiro,1815.0,198.0,1352.4493516988061,966.2587651163774,598.3037030952605,1564.562468211638,-212.11311651283177,-15.683627357016908
2018,330270,Maricá,RJ,Rio de Janeiro,Metropolitana do Rio de Janeiro,Rio de Janeiro,Rio de Janeiro,Rio de Janeiro,6857.0,308.0,552.8073663939965,196.0327325395233,284.73442413539897,480.76715667492226,72.04020971907426,13.031702198362133
2018,330280,Mendes,RJ,Rio de Janeiro,Metropolitana do Rio de Janeiro,Vassouras,Volta Redonda - Barra Mansa,Volta Redonda - Barra Mansa,279.0,49.0,683.8064596591323,256.7137317875961,399.01257100262774,655.7263027902238,28.08015686890849,4.106448026669131
2018,330285,Mesquita,RJ,Rio de Janeiro,Metropolitana do Rio de Janeiro,Rio de Janeiro,Rio de Janeiro,Rio de Janeiro,4377.0,531.0,520.6463357509531,271.9588263416856,115.43731053218767,387.3961368738733,133.2501988770798,25.593227057842764
2018,330290,Miguel Pereira,RJ,Rio de Janeiro,Metropolitana do Rio de Janeiro,Vassouras,Valença,Volta Redonda - Barra Mansa,900.0,118.0,446.1874389830509,148.02441955827294,252.312088932091,400.33650849036394,45.850930492686985,10.27615896072518
2018,330300,Miracema,RJ,Rio de Janeiro,Noroeste Fluminense,Santo Antônio de Pádua,Santo Antônio de Pádua,Campos dos Goytacazes,1186.0,128.0,342.13258194561536,133.08745238595702,199.69670782256617,332.7841602085232,9.348421737092167,2.732397389319142
2018,330310,Natividade,RJ,Rio de Janeiro,Noroeste Fluminense,Itaperuna,Itaperuna,Campos dos Goytacazes,530.0,74.0,444.3061830698621,49.52425083563435,395.9436507463936,445.46790158202793,-1.1617185121658622,-0.2614680048202695
2018,330320,Nilópolis,RJ,Rio de Janeiro,Metropolitana do Rio de Janeiro,Rio de Janeiro,Rio de Janeiro,Rio de Janeiro,5221.0,799.0,206.23473882911003,155.71740396514815,56.87607281262876,212.5934767777769,-6.358737948666885,-3.0832526007831564
2018,330330,Niterói,RJ,Rio de Janeiro,Metropolitana do Rio de Janeiro,Rio de Janeiro,Rio de Janeiro,Rio de Janeiro,57457.0,6730.0,1239.8640156946105,537.9029250473873,707.2380354365403,1245.1409604839275,-5.276944789316985,-0.42560673771636776
2018,330340,Nova Friburgo,RJ,Rio de Janeiro,Centro Fluminense,Nova Friburgo,Nova Friburgo,Petrópolis,25764.0,2602.0,495.0235848199245,257.5544690034594,261.164096188779,518.7185651922384,-23.69498037231392,-4.786636657106646
2018,330350,Nova Iguaçu,RJ,Rio de Janeiro,Metropolitana do Rio de Janeiro,Rio de Janeiro,Rio de Janeiro,Rio de Janeiro,22429.0,4532.0,692.8218728354025,325.8091414289145,329.5342115567473,655.3433529856618,37.47851984974068,5.409546280107795
2018,330360,Paracambi,RJ,Rio de Janeiro,Metropolitana do Rio de Janeiro,Vassouras,Rio de Janeiro,Rio de Janeiro,1391.0,234.0,627.9183764677693,342.9348421615839,326.028670115998,668.9635122775819,-41.045135809812564,-6.536699250737629
2018,330370,Paraíba do Sul,RJ,Rio de Janeiro,Centro Fluminense,Três Rios,Três Rios - Paraíba do Sul,Petrópolis,2112.0,496.0,649.0545159762953,228.68188996659615,411.09134550936733,639.7732354759635,9.281280500331832,1.4299693279802712
2018,330380,Paraty,RJ,Rio de Janeiro,Sul Fluminense,Baía da Ilha Grande,Angra dos Reis,Rio de Janeiro,2776.0,240.0,583.5910312199808,231.15383543299868,253.51685935498858,484.67069478798726,98.92033643199352,16.950283870059366
2018,330385,Paty do Alferes,RJ,Rio de Janeiro,Metropolitana do Rio de Janeiro,Vassouras,Valença,Volta Redonda - Barra Mansa,839.0,116.0,521.360114154782,159.50640186019814,269.21675118974326,428.7231530499414,92.63696110484057,17.768325307167324
2018,330390,Petrópolis,RJ,Rio de Janeiro,Metropolitana do Rio de Janeiro,Serrana,Petrópolis,Petrópolis,33647.0,3080.0,768.0636285330042,325.33378809028545,470.57848445362606,795.9122725439115,-27.848644010907265,-3.6258251239025556
2018,330395,Pinheiral,RJ,Rio de Janeiro,Sul Fluminense,Vale do Paraíba Fluminense,Volta Redonda - Barra Mansa,Volta Redonda - Barra Mansa,688.0,112.0,560.675820182724,212.3377396072167,271.3090488476955,483.6467884549122,77.0290317278118,13.738604190690454
2018,330400,Piraí,RJ,Rio de Janeiro,Sul Fluminense,Vale do Paraíba Fluminense,Volta Redonda - Barra Mansa,Volta Redonda - Barra Mansa,2703.0,427.0,1344.391321257238,884.2258031452982,407.0198464718703,1291.2456496171685,53.145671640069395,3.953140041871813
2018,330410,Porciúncula,RJ,Rio de Janeiro,Noroeste Fluminense,Itaperuna,Itaperuna,Campos dos Goytacazes,393.0,54.0,408.10143907266047,187.32988349600964,170.76525964816847,358.0951431441781,50.00629592848236,12.253398577106948
2018,330411,Porto Real,RJ,Rio de Janeiro,Sul Fluminense,Vale do Paraíba Fluminense,Resende,Volta Redonda - Barra Mansa,3614.0,199.0,2303.876575225324,587.9979136511865,1601.8200000793968,2189.8179137305833,114.05866149474059,4.950727947897357
2018,330412,Quatis,RJ,Rio de Janeiro,Sul Fluminense,Vale do Paraíba Fluminense,Resende,Volta Redonda - Barra Mansa,310.0,84.0,46.55496697388662,-78.65513512148777,401.0861611721616,322.43102605067384,-275.8760590767872,-592.5813656607902
2018,330414,Queimados,RJ,Rio de Janeiro,Metropolitana do Rio de Janeiro,Rio de Janeiro,Rio de Janeiro,Rio de Janeiro,3979.0,577.0,671.1544793223345,414.1092804693217,241.11421081909725,655.2234912884189,15.930988033915582,2.3736693301966967
2018,330415,Quissamã,RJ,Rio de Janeiro,Norte Fluminense,Macaé,Macaé - Rio das Ostras,Macaé - Rio das Ostras - Cabo Frio,1143.0,55.0,977.0936917203533,44.487157618271794,1041.6434430706483,1086.1306006889201,-109.03690896856688,-11.159309479993402
2018,330420,Resende,RJ,Rio de Janeiro,Sul Fluminense,Vale do Paraíba Fluminense,Resende,Volta Redonda - Barra Mansa,12306.0,1502.0,2250.3316907626067,1116.3779091024887,1176.87543624798,2293.2533453504684,-42.92165458786167,-1.9073479151562809
2018,330430,Rio Bonito,RJ,Rio de Janeiro,Metropolitana do Rio de Janeiro,Macacu-Caceribu,Rio Bonito,Rio de Janeiro,6805.0,684.0,541.936162479429,296.6101466209768,248.85151273789984,545.4616593588767,-3.525496879447701,-0.6505373000609685
2018,330440,Rio Claro,RJ,Rio de Janeiro,Sul Fluminense,Vale do Paraíba Fluminense,Volta Redonda - Barra Mansa,Volta Redonda - Barra Mansa,482.0,23.0,362.98475374346026,160.77470222978172,130.07559572270497,290.8502979524867,72.13445579097356,19.87258556924257
2018,330450,Rio das Flores,RJ,Rio de Janeiro,Sul Fluminense,Barra do Piraí,Valença,Volta Redonda - Barra Mansa,609.0,263.0,1325.0645423214519,787.0467344904532,857.1213056628335,1644.1680401532867,-319.10349783183483,-24.08210978710367
2018,330452,Rio das Ostras,RJ,Rio de Janeiro,Baixadas,Bacia de São João,Macaé - Rio das Ostras,Macaé - Rio das Ostras - Cabo Frio,8004.0,638.0,2882.0917643451003,1984.8686334135116,1034.2765121005978,3019.1451455141096,-137.0533811690093,-4.755344117231883
2018,330455,Rio de Janeiro,RJ,Rio de Janeiro,Metropolitana do Rio de Janeiro,Rio de Janeiro,Rio de Janeiro,Rio de Janeiro,608342.0,94986.0,2554.670678576984,684.4632682796159,1834.7653952689661,2519.228663548582,35.442015028401784,1.3873418333569274
2018,330460,Santa Maria Madalena,RJ,Rio de Janeiro,Centro Fluminense,Santa Maria Madalena,Nova Friburgo,Petrópolis,347.0,31.0,273.5320777168354,71.47658767574444,263.99280823385357,335.469395909598,-61.93731819276263,-22.643530042162404
2018,330470,Santo Antônio de Pádua,RJ,Rio de Janeiro,Noroeste Fluminense,Santo Antônio de Pádua,Santo Antônio de Pádua,Campos dos Goytacazes,2995.0,207.0,509.6057326784578,223.26239201848125,298.94872139533686,522.2111134138181,-12.605380735360313,-2.473555520874377
2018,330475,São Francisco de Itabapoana,RJ,Rio de Janeiro,Norte Fluminense,Campos dos Goytacazes,Campos dos Goytacazes,Campos dos Goytacazes,1632.0,83.0,449.27180612154484,70.69140488587641,315.6829308755762,386.3743357614526,62.89747036009226,13.999870346432585
2018,330480,São Fidélis,RJ,Rio de Janeiro,Norte Fluminense,Campos dos Goytacazes,Campos dos Goytacazes,Campos dos Goytacazes,1374.0,74.0,254.43756953460002,38.29462538597227,74.9510432130071,113.24566859897936,141.19190093562065,55.49176609172903
2018,330490,São Gonçalo,RJ,Rio de Janeiro,Metropolitana do Rio de Janeiro,Rio de Janeiro,Rio de Janeiro,Rio de Janeiro,33636.0,3596.0,699.7678289790554,431.12819781307553,223.57417111696964,654.7023689300452,45.0654600490102,6.440058857058295
2018,330500,São João da Barra,RJ,Rio de Janeiro,Norte Fluminense,Campos dos Goytacazes,Campos dos Goytacazes,Campos dos Goytacazes,4230.0,76.0,1183.9556503048402,1663.0347167232921,529.7834615773136,2192.8181783006057,-1008.8625279957655,-85.21117558212654
2018,330510,São João de Meriti,RJ,Rio de Janeiro,Metropolitana do Rio de Janeiro,Rio de Janeiro,Rio de Janeiro,Rio de Janeiro,13772.0,2677.0,557.2502266494166,291.82516733029115,188.16361998623597,479.9887873165271,77.2614393328895,13.864765887569044
2018,330513,São José de Ubá,RJ,Rio de Janeiro,Noroeste Fluminense,Santo Antônio de Pádua,Itaperuna,Campos dos Goytacazes,249.0,18.0,314.55527443105734,15.30001303052859,193.04151295475867,208.34152598528726,106.21374844577008,33.76632251291322
2018,330515,São José do Vale do Rio Preto,RJ,Rio de Janeiro,Metropolitana do Rio de Janeiro,Serrana,Petrópolis,Petrópolis,1774.0,228.0,325.11285092664,168.23229247627637,201.4977937581998,369.7300862344762,-44.617235307836154,-13.723614794268405
2018,330520,São Pedro da Aldeia,RJ,Rio de Janeiro,Baixadas,Lagos,Cabo Frio,Macaé - Rio das Ostras - Cabo Frio,4772.0,449.0,546.7450260754547,296.6210398458809,180.248288462117,476.8693283079979,69.87569776745681,12.780307901294647
2018,330530,São Sebastião do Alto,RJ,Rio de Janeiro,Centro Fluminense,Santa Maria Madalena,Nova Friburgo,Petrópolis,212.0,12.0,557.073537735849,45.807822975517865,349.341488584475,395.14931155999284,161.92422617585612,29.06693913948516
2018,330540,Sapucaia,RJ,Rio de Janeiro,Centro Fluminense,Três Rios,Três Rios - Paraíba do Sul,Petrópolis,1893.0,174.0,559.4058274586951,311.6874767998586,317.10475335979936,628.792230159658,-69.38640270096289,-12.403589540026053
2018,330550,Saquarema,RJ,Rio de Janeiro,Baixadas,Lagos,Rio de Janeiro,Rio de Janeiro,3796.0,357.0,443.8348729091215,195.75789357892563,247.9874246724503,443.7453182513759,0.08955465774556615,0.02017747212123711
2018,330555,Seropédica,RJ,Rio de Janeiro,Metropolitana do Rio de Janeiro,Itaguaí,Rio de Janeiro,Rio de Janeiro,3458.0,357.0,1167.2536978759117,524.39568730254,528.9701522034252,1053.3658395059651,113.88785836994657,9.756907052613489
2018,330560,Silva Jardim,RJ,Rio de Janeiro,Baixadas,Bacia de São João,Rio Bonito,Rio de Janeiro,852.0,47.0,361.60016581760055,71.80688239490041,169.3127409832855,241.1196233781859,120.48054243941465,33.31871880285249
2018,330570,Sumidouro,RJ,Rio de Janeiro,Centro Fluminense,Nova Friburgo,Nova Friburgo,Petrópolis,727.0,29.0,450.1790546886118,363.7174938930964,120.55757095158583,484.2750648446822,-34.096010156070406,-7.573877505175039
2018,330575,Tanguá,RJ,Rio de Janeiro,Metropolitana do Rio de Janeiro,Rio de Janeiro,Rio de Janeiro,Rio de Janeiro,1205.0,122.0,512.4881697843684,177.4160545363875,330.7004255101929,508.11648004658036,4.371689737788074,0.853032322605121
2018,330580,Teresópolis,RJ,Rio de Janeiro,Metropolitana do Rio de Janeiro,Serrana,Petrópolis,Petrópolis,18765.0,1064.0,502.3272531288251,146.88573075705835,289.83562589163466,436.721356648693,65.60589648013206,13.060389630762678
2018,330590,Trajano de Moraes,RJ,Rio de Janeiro,Centro Fluminense,Santa Maria Madalena,Nova Friburgo,Petrópolis,252.0,25.0,550.1206000000002,173.76752829033194,391.5024888040043,565.2700170943363,-15.149417094336059,-2.753835630648271
2018,330600,Três Rios,RJ,Rio de Janeiro,Centro Fluminense,Três Rios,Três Rios - Paraíba do Sul,Petrópolis,6777.0,1324.0,605.5255242485357,257.9006004912578,371.61318257681205,629.5137830680699,-23.988258819534167,-3.961560307355149
2018,330610,Valença,RJ,Rio de Janeiro,Sul Fluminense,Barra do Piraí,Valença,Volta Redonda - Barra Mansa,3570.0,748.0,814.7904415584417,0.6642235271681329,790.3973700094773,791.0615935366454,23.72884802179624,2.9122639161561965
2018,330615,Varre-Sai,RJ,Rio de Janeiro,Noroeste Fluminense,Itaperuna,Itaperuna,Campos dos Goytacazes,152.0,14.0,407.33895676691736,248.34758063168465,325.0770216606495,573.4246022923342,-166.0856455254168,-40.77332716803032
2018,330620,Vassouras,RJ,Rio de Janeiro,Metropolitana do Rio de Janeiro,Vassouras,Valença,Volta Redonda - Barra Mansa,1947.0,457.0,1206.3091533740403,181.3191907460564,957.1604613615975,1138.479652107654,67.82950126638639,5.622895347902122
2018,330630,Volta Redonda,RJ,Rio de Janeiro,Sul Fluminense,Vale do Paraíba Fluminense,Volta Redonda - Barra Mansa,Volta Redonda - Barra Mansa,23855.0,4251.0,1000.4694731689995,514.6293762734604,454.1476857338944,968.7770620073547,31.692411161644714,3.167753940683328
2021,330010,Angra dos Reis,RJ,Rio de Janeiro,Sul Fluminense,Baía da Ilha Grande,Angra dos Reis,Rio de Janeiro,10287.0,721.0,1914.414153571958,1381.1060571450448,452.1750886585678,1833.2811458036126,81.13300776834535,4.238007100865062
2021,330015,Aperibé,RJ,Rio de Janeiro,Noroeste Fluminense,Santo Antônio de Pádua,Santo Antônio de Pádua,Campos dos Goytacazes,543.0,22.0,409.1156035493052,36.646379469473004,243.4597212121214,280.1061006815944,129.0095028677108,31.533752745796463
2021,330020,Araruama,RJ,Rio de Janeiro,Baixadas,Lagos,Cabo Frio,Macaé - Rio das Ostras - Cabo Frio,4710.0,649.0,444.53020178029897,187.3138539256379,211.07834275488767,398.39219668052556,46.13800509977341,10.379048468471956
2021,330022,Areal,RJ,Rio de Janeiro,Centro Fluminense,Três Rios,Petrópolis,Petrópolis,1033.0,135.0,1001.7844914847083,534.7243929999236,569.3314233564718,1104.0558163563953,-102.27132487168706,-10.208914765701198
2021,330023,Armação dos Búzios,RJ,Rio de Janeiro,Baixadas,Lagos,Cabo Frio,Macaé - Rio das Ostras - Cabo Frio,3922.0,489.0,437.7593558855765,202.63813019184227,201.55205579748576,404.19018598932803,33.56916989624847,7.668407184202576
2021,330025,Arraial do Cabo,RJ,Rio de Janeiro,Baixadas,Lagos,Cabo Frio,Macaé - Rio das Ostras - Cabo Frio,1732.0,93.0,958.2862504656189,403.72716228155855,399.04448056599676,802.7716428475553,155.51460761806356,16.228408530593132
2021,330030,Barra do Piraí,RJ,Rio de Janeiro,Sul Fluminense,Barra do Piraí,Volta Redonda - Barra Mansa,Volta Redonda - Barra Mansa,3459.0,1034.0,747.5357763141928,226.6886692211026,480.8747587829746,707.5634280040772,39.97234831011565,5.34721542120749
2021,330040,Barra Mansa,RJ,Rio de Janeiro,Sul Fluminense,Vale do Paraíba Fluminense,Volta Redonda - Barra Mansa,Volta Redonda - Barra Mansa,9515.0,1398.0,884.0085212821862,432.4142555430028,397.8764052300146,830.2906607730174,53.71786050916876,6.0766224777171995
2021,330045,Belford Roxo,RJ,Rio de Janeiro,Metropolitana do Rio de Janeiro,Rio de Janeiro,Rio de Janeiro,Rio de Janeiro,5493.0,935.0,1013.958603620943,549.9055529115296,424.87131071038493,974.7768636219146,39.18173999902842,3.8642346797104627
2021,330050,Bom Jardim,RJ,Rio de Janeiro,Centro Fluminense,Nova Friburgo,Nova Friburgo,Petrópolis,2776.0,226.0,438.27350386371177,232.2102932071591,260.06083573494425,492.27112894210336,-53.99762507839159,-12.320531495142136
2021,330060,Bom Jesus do Itabapoana,RJ,Rio de Janeiro,Noroeste Fluminense,Itaperuna,Itaperuna,Campos dos Goytacazes,1938.0,249.0,413.70092655451504,101.0693129071899,330.20038784747794,431.26970075466784,-17.568774200152802,-4.246733104146841
2021,330070,Cabo Frio,RJ,Rio de Janeiro,Baixadas,Lagos,Cabo Frio,Macaé - Rio das Ostras - Cabo Frio,10575.0,1416.0,520.0887772929439,257.9475752952635,248.8965011839332,506.8440764791967,13.244700813747158,2.546623075138378
2021,330080,Cachoeiras de Macacu,RJ,Rio de Janeiro,Metropolitana do Rio de Janeiro,Macacu-Caceribu,Rio Bonito,Rio de Janeiro,2512.0,143.0,443.6200651697027,333.2812238875729,136.45180518560028,469.73302907317316,-26.112963903470472,-5.886335166891336
2021,330090,Cambuci,RJ,Rio de Janeiro,Noroeste Fluminense,Santo Antônio de Pádua,Santo Antônio de Pádua,Campos dos Goytacazes,351.0,66.0,592.4856475006479,231.1605450825134,289.09762388194554,520.258168964459,72.22747853618898,12.190587036306225
2021,330093,Carapebus,RJ,Rio de Janeiro,Norte Fluminense,Macaé,Macaé - Rio das Ostras,Macaé - Rio das Ostras - Cabo Frio,248.0,30.0,435.1427500000002,-27.734298923667666,443.56104688970663,415.82674796603897,19.31600203396124,4.43900353021192
2021,330095,Comendador Levy Gasparian,RJ,Rio de Janeiro,Centro Fluminense,Três Rios,Três Rios - Paraíba do Sul,Petrópolis,525.0,160.0,709.9730529761903,203.8824747768051,472.7726118924695,676.6550866692746,33.31796630691565,4.692849421150214
2021,330100,Campos dos Goytacazes,RJ,Rio de Janeiro,Norte Fluminense,Campos dos Goytacazes,Campos dos Goytacazes,Campos dos Goytacazes,30759.0,3718.0,334.404309934102,101.01572246639194,236.68960483347723,337.70532729986917,-3.3010173657671658,-0.9871336187077454
2021,330110,Cantagalo,RJ,Rio de Janeiro,Centro Fluminense,Cantagalo-Cordeiro,Nova Friburgo,Petrópolis,1081.0,254.0,1422.69834463569,821.30248550953,797.1256878302279,1618.428173339758,-195.7298287040678,-13.757647883830797
2021,330115,Cardoso Moreira,RJ,Rio de Janeiro,Norte Fluminense,Campos dos Goytacazes,Campos dos Goytacazes,Campos dos Goytacazes,439.0,10.0,246.36105694760818,129.2988611888111,215.79583434058577,345.09469552939686,-98.73363858178868,-40.07680426650615
2021,330120,Carmo,RJ,Rio de Janeiro,Centro Fluminense,Cantagalo-Cordeiro,Nova Friburgo,Petrópolis,1331.0,150.0,1039.1236130728773,528.8666293376441,712.9671305566071,1241.8337598942512,-202.71014682137388,-19.50779909831162
2021,330130,Casimiro de Abreu,RJ,Rio de Janeiro,Baixadas,Bacia de São João,Macaé - Rio das Ostras,Macaé - Rio das Ostras - Cabo Frio,1587.0,149.0,267.63382250077166,166.9846739891991,69.6407776915114,236.6254516807105,31.008370820061145,11.586118125997226
2021,330140,Conceição de Macabu,RJ,Rio de Janeiro,Norte Fluminense,Macaé,Macaé - Rio das Ostras,Macaé - Rio das Ostras - Cabo Frio,450.0,52.0,280.7898931623931,163.7292097372931,200.42788830866152,364.1570980459546,-83.3672048835615,-29.69024416963134
2021,330150,Cordeiro,RJ,Rio de Janeiro,Centro Fluminense,Cantagalo-Cordeiro,Nova Friburgo,Petrópolis,1216.0,281.0,560.6691910060401,332.27154261777855,200.97700964060618,533.2485522583847,27.420638747655403,4.890698327556222
2021,330160,Duas Barras,RJ,Rio de Janeiro,Centro Fluminense,Nova Friburgo,Nova Friburgo,Petrópolis,469.0,38.0,280.7330585792838,62.582763358353986,168.2947131557869,230.87747651414088,49.855582065142926,17.75907059804389
2021,330170,Duque de Caxias,RJ,Rio de Janeiro,Metropolitana do Rio de Janeiro,Rio de Janeiro,Rio de Janeiro,Rio de Janeiro,34788.0,7051.0,1446.6356514465226,739.7571067604249,688.9033118762009,1428.6604186366258,17.975232809896852,1.2425542528226112
2021,330180,Engenheiro Paulo de Frontin,RJ,Rio de Janeiro,Metropolitana do Rio de Janeiro,Vassouras,Volta Redonda - Barra Mansa,Volta Redonda - Barra Mansa,460.0,105.0,759.3040652173913,222.88499399196985,637.3545296323468,860.2395236243167,-100.93545840692536,-13.293153959083204
2021,330185,Guapimirim,RJ,Rio de Janeiro,Metropolitana do Rio de Janeiro,Rio de Janeiro,Rio de Janeiro,Rio de Janeiro,1682.0,249.0,1160.6184832552565,772.4211019934316,329.9441736741044,1102.365275667536,58.25320758772045,5.019152152767219
2021,330187,Iguaba Grande,RJ,Rio de Janeiro,Baixadas,Lagos,Cabo Frio,Macaé - Rio das Ostras - Cabo Frio,511.0,26.0,305.2723257564353,218.9417280343148,70.598520938521,289.5402489728358,15.732076783599496,5.153456588184642
2021,330190,Itaboraí,RJ,Rio de Janeiro,Metropolitana do Rio de Janeiro,Rio de Janeiro,Rio de Janeiro,Rio de Janeiro,8040.0,1077.0,1199.2162749760944,920.5193415883998,207.66005109055686,1128.1793926789567,71.03688229713771,5.923608925216912
2021,330200,Itaguaí,RJ,Rio de Janeiro,Metropolitana do Rio de Janeiro,Itaguaí,Rio de Janeiro,Rio de Janeiro,6968.0,501.0,1803.7974638237877,1187.4016414990338,704.126370099199,1891.5280115982328,-87.73054777444509,-4.863658450238039
2021,330205,Italva,RJ,Rio de Janeiro,Noroeste Fluminense,Itaperuna,Campos dos Goytacazes,Campos dos Goytacazes,536.0,24.0,578.8832711442785,180.83657646176925,213.78556905650612,394.6221455182754,184.26112562600315,31.83044575839516
2021,330210,Itaocara,RJ,Rio de Janeiro,Noroeste Fluminense,Santo Antônio de Pádua,Santo Antônio de Pádua,Campos dos Goytacazes,1052.0,159.0,360.10735364803804,130.95963824351384,238.6595665596583,369.6192048031721,-9.511851155134082,-2.6413932008816405
2021,330220,Itaperuna,RJ,Rio de Janeiro,Noroeste Fluminense,Itaperuna,Itaperuna,Campos dos Goytacazes,6967.0,1041.0,472.51074713963044,-27.633393981039262,489.6866541735483,462.053260192509,10.457486947121424,2.2131744114660656
2021,330225,Itatiaia,RJ,Rio de Janeiro,Sul Fluminense,Vale do Paraíba Fluminense,Resende,Volta Redonda - Barra Mansa,3046.0,376.0,1874.8253760250632,984.9432383118551,1103.09667854793,2088.039916859785,-213.2145408347219,-11.37250133059174
2021,330227,Japeri,RJ,Rio de Janeiro,Metropolitana do Rio de Janeiro,Rio de Janeiro,Rio de Janeiro,Rio de Janeiro,2008.0,223.0,1157.0865577823238,457.9718496368823,781.5169177682365,1239.4887674051188,-82.402209622795,-7.121525098409869
2021,330230,Laje do Muriaé,RJ,Rio de Janeiro,Noroeste Fluminense,Itaperuna,Itaperuna,Campos dos Goytacazes,145.0,16.0,532.0952931034478,124.58460281548514,253.88713840676428,378.4717412222494,153.6235518811984,28.871435976286964
2021,330240,Macaé,RJ,Rio de Janeiro,Norte Fluminense,Macaé,Macaé - Rio das Ostras,Macaé - Rio das Ostras - Cabo Frio,38229.0,2828.0,5912.34338836128,3335.736680663468,2999.0408099616266,6334.777490625094,-422.43410226381457,-7.144952086094925
2021,330245,Macuco,RJ,Rio de Janeiro,Centro Fluminense,Cantagalo-Cordeiro,Nova Friburgo,Petrópolis,515.0,73.0,405.8981611916479,153.34148830008235,291.093082695083,444.43457099516536,-38.53640980351747,-9.49410800245587
2021,330250,Magé,RJ,Rio de Janeiro,Metropolitana do Rio de Janeiro,Rio de Janeiro,Rio de Janeiro,Rio de Janeiro,5391.0,625.0,431.0644562596922,299.9454177255702,63.851698254666644,363.79711598023687,67.26734027945531,15.6049378005155
2021,330260,Mangaratiba,RJ,Rio de Janeiro,Metropolitana do Rio de Janeiro,Itaguaí,Rio de Janeiro,Rio de Janeiro,1661.0,182.0,1101.3900592123111,958.3118503543651,116.94515567549433,1075.2570060298594,26.133053182451704,2.3727337071792225
2021,330270,Maricá,RJ,Rio de Janeiro,Metropolitana do Rio de Janeiro,Rio de Janeiro,Rio de Janeiro,Rio de Janeiro,8149.0,680.0,521.4002847137504,297.8520763754045,32.99441004508981,330.84648642049433,190.55379829325602,36.5465466513641
2021,330280,Mendes,RJ,Rio de Janeiro,Metropolitana do Rio de Janeiro,Vassouras,Volta Redonda - Barra Mansa,Volta Redonda - Barra Mansa,423.0,57.0,697.2267176807266,209.13194921408262,435.46014854070654,644.5920977547892,52.634619925937386,7.5491398409146715
2021,330285,Mesquita,RJ,Rio de Janeiro,Metropolitana do Rio de Janeiro,Rio de Janeiro,Rio de Janeiro,Rio de Janeiro,3473.0,576.0,493.21521695640195,221.85414214602974,146.2749432586577,368.12908540468743,125.08613155171452,25.361369084192624
2021,330290,Miguel Pereira,RJ,Rio de Janeiro,Metropolitana do Rio de Janeiro,Vassouras,Valença,Volta Redonda - Barra Mansa,849.0,114.0,633.6923702808258,335.3586954649304,265.14062350511017,600.4993189700406,33.19305131078522,5.238038655266665
2021,330300,Miracema,RJ,Rio de Janeiro,Noroeste Fluminense,Santo Antônio de Pádua,Santo Antônio de Pádua,Campos dos Goytacazes,1073.0,98.0,311.7158202255739,111.8118418507479,194.40019940695538,306.2120412577033,5.50377896787063,1.7656399228912434
2021,330310,Natividade,RJ,Rio de Janeiro,Noroeste Fluminense,Itaperuna,Itaperuna,Campos dos Goytacazes,552.0,62.0,477.60087833099556,42.21042515881459,501.8243219830788,544.0347471418934,-66.43386881089782,-13.909913449710329
2021,330320,Nilópolis,RJ,Rio de Janeiro,Metropolitana do Rio de Janeiro,Rio de Janeiro,Rio de Janeiro,Rio de Janeiro,4238.0,825.0,220.73169153259846,70.17497134867449,141.56649306433474,211.74146441300923,8.990227119589235,4.07292086476922
2021,330330,Niterói,RJ,Rio de Janeiro,Metropolitana do Rio de Janeiro,Rio de Janeiro,Rio de Janeiro,Rio de Janeiro,49421.0,7249.0,1317.0880995321602,569.7789972793248,708.1827423647264,1277.9617396440512,39.12635988810894,2.970671430560106
2021,330340,Nova Friburgo,RJ,Rio de Janeiro,Centro Fluminense,Nova Friburgo,Nova Friburgo,Petrópolis,23515.0,2729.0,525.4657715522249,161.9286747453732,334.7562646931874,496.6849394385606,28.780832113664246,5.477203972514847
2021,330350,Nova Iguaçu,RJ,Rio de Janeiro,Metropolitana do Rio de Janeiro,Rio de Janeiro,Rio de Janeiro,Rio de Janeiro,18869.0,3987.0,730.482261021009,309.51405550323443,371.78698740585264,681.3010429090871,49.18121811192191,6.73270532855656
2021,330360,Paracambi,RJ,Rio de Janeiro,Metropolitana do Rio de Janeiro,Vassouras,Rio de Janeiro,Rio de Janeiro,1205.0,224.0,747.6806593805572,351.0342574128697,391.5433030012023,742.577560414072,5.103098966485277,0.6825238693098096
2021,330370,Paraíba do Sul,RJ,Rio de Janeiro,Centro Fluminense,Três Rios,Três Rios - Paraíba do Sul,Petrópolis,1769.0,399.0,713.5458701445532,199.48306637007863,506.65638792977006,706.1394542998487,7.406415844704497,1.0379733321424836
2021,330380,Paraty,RJ,Rio de Janeiro,Sul Fluminense,Baía da Ilha Grande,Angra dos Reis,Rio de Janeiro,2848.0,302.0,306.30316434444535,228.0463095090438,174.76907291146017,402.81538242050397,-96.51221807605862,-31.50872381048218
2021,330385,Paty do Alferes,RJ,Rio de Janeiro,Metropolitana do Rio de Janeiro,Vassouras,Valença,Volta Redonda - Barra Mansa,704.0,84.0,482.41414772727285,147.6397183259494,263.48119224317566,411.12091056912504,71.2932371581478,14.778430005426083
2021,330390,Petrópolis,RJ,Rio de Janeiro,Metropolitana do Rio de Janeiro,Serrana,Petrópolis,Petrópolis,30165.0,3090.0,836.0706924504223,329.3053344576397,545.2134841590939,874.5188186167336,-38.44812616631134,-4.598669288792378
2021,330395,Pinheiral,RJ,Rio de Janeiro,Sul Fluminense,Vale do Paraíba Fluminense,Volta Redonda - Barra Mansa,Volta Redonda - Barra Mansa,843.0,151.0,545.0330886223121,270.2773002157546,306.0919734900451,576.3692737057997,-31.336185083487635,-5.749409666612454
2021,330400,Piraí,RJ,Rio de Janeiro,Sul Fluminense,Vale do Paraíba Fluminense,Volta Redonda - Barra Mansa,Volta Redonda - Barra Mansa,2337.0,415.0,1801.746241953694,947.7616303918503,818.5518104230664,1766.3134408149167,35.43280113877722,1.9665811041379637
2021,330410,Porciúncula,RJ,Rio de Janeiro,Noroeste Fluminense,Itaperuna,Itaperuna,Campos dos Goytacazes,448.0,58.0,222.96498845443352,50.27927164483003,173.35229732620337,223.6315689710334,-0.666580516599879,-0.2989619676257403
2021,330411,Porto Real,RJ,Rio de Janeiro,Sul Fluminense,Vale do Paraíba Fluminense,Resende,Volta Redonda - Barra Mansa,2832.0,141.0,2162.819660716432,525.7878614280148,1558.5398780382066,2084.3277394662214,78.49192125021045,3.629147759097496
2021,330412,Quatis,RJ,Rio de Janeiro,Sul Fluminense,Vale do Paraíba Fluminense,Resende,Volta Redonda - Barra Mansa,297.0,88.0,495.7791919191923,281.2221116910616,354.42606475716093,635.6481764482226,-139.86898452903029,-28.21195137044552
2021,330414,Queimados,RJ,Rio de Janeiro,Metropolitana do Rio de Janeiro,Rio de Janeiro,Rio de Janeiro,Rio de Janeiro,3766.0,581.0,764.9831917473398,418.19320554383444,255.0524318563905,673.245637400225,91.73755434711484,11.992100654861721
2021,330415,Quissamã,RJ,Rio de Janeiro,Norte Fluminense,Macaé,Macaé - Rio das Ostras,Macaé - Rio das Ostras - Cabo Frio,500.0,44.0,481.71774000000005,-61.61292183801311,432.7130335685674,371.1001117305543,110.61762826944573,22.96316267477418
2021,330420,Resende,RJ,Rio de Janeiro,Sul Fluminense,Vale do Paraíba Fluminense,Resende,Volta Redonda - Barra Mansa,10839.0,1774.0,2011.5395364088283,965.9298648985982,1031.392071900259,1997.3219367988572,14.217599609971103,0.7068018973842082
2021,330430,Rio Bonito,RJ,Rio de Janeiro,Metropolitana do Rio de Janeiro,Macacu-Caceribu,Rio Bonito,Rio de Janeiro,4289.0,511.0,600.5378091454088,241.73131369714588,384.3657441101784,626.0970578073243,-25.55924866191549,-4.256059863788994
2021,330440,Rio Claro,RJ,Rio de Janeiro,Sul Fluminense,Vale do Paraíba Fluminense,Volta Redonda - Barra Mansa,Volta Redonda - Barra Mansa,436.0,14.0,50.0646657929226,57.389935681432235,40.73832559828884,98.12826127972107,-48.06359548679848,-96.00302873407576
2021,330450,Rio das Flores,RJ,Rio de Janeiro,Sul Fluminense,Barra do Piraí,Valença,Volta Redonda - Barra Mansa,513.0,277.0,948.5998831113081,492.45210037236666,681.0859707664429,1173.5380711388095,-224.93818802750138,-23.712651881183845
2021,330452,Rio das Ostras,RJ,Rio de Janeiro,Baixadas,Bacia de São João,Macaé - Rio das Ostras,Macaé - Rio das Ostras - Cabo Frio,8615.0,620.0,3909.731464381331,2492.344087208377,1626.3643693900744,4118.708456598451,-208.97699221712037,-5.345047201347588
2021,330455,Rio de Janeiro,RJ,Rio de Janeiro,Metropolitana do Rio de Janeiro,Rio de Janeiro,Rio de Janeiro,Rio de Janeiro,494457.0,91679.0,2976.9622290978423,747.3383871561664,2181.1850776179785,2928.523464774145,48.43876432369734,1.6271205543100402
2021,330460,Santa Maria Madalena,RJ,Rio de Janeiro,Centro Fluminense,Santa Maria Madalena,Nova Friburgo,Petrópolis,358.0,54.0,58.38861369749657,-188.25876408341128,322.5803708133974,134.32160672998612,-75.93299303248955,-130.04760384599643
2021,330470,Santo Antônio de Pádua,RJ,Rio de Janeiro,Noroeste Fluminense,Santo Antônio de Pádua,Santo Antônio de Pádua,Campos dos Goytacazes,2516.0,236.0,574.543616380588,235.98280111440408,347.22057658641074,583.2033777008148,-8.659761320226835,-1.5072417608222894
2021,330475,São Francisco de Itabapoana,RJ,Rio de Janeiro,Norte Fluminense,Campos dos Goytacazes,Campos dos Goytacazes,Campos dos Goytacazes,1613.0,152.0,475.404613420563,-208.15762536537795,428.71056004853745,220.5529346831595,254.85167873740352,53.60732133071476
2021,330480,São Fidélis,RJ,Rio de Janeiro,Norte Fluminense,Campos dos Goytacazes,Campos dos Goytacazes,Campos dos Goytacazes,1238.0,100.0,287.38137576736676,59.77261851522235,178.35290600683516,238.1255245220575,49.25585124530926,17.139541876639054
2021,330490,São Gonçalo,RJ,Rio de Janeiro,Metropolitana do Rio de Janeiro,Rio de Janeiro,Rio de Janeiro,Rio de Janeiro,28671.0,3846.0,741.8461067922051,437.62134282642296,324.5132508994873,762.1345937259102,-20.288486933705144,-2.734864650221593
2021,330500,São João da Barra,RJ,Rio de Janeiro,Norte Fluminense,Campos dos Goytacazes,Campos dos Goytacazes,Campos dos Goytacazes,4848.0,101.0,-74.18584777227716,2019.4408297171344,-592.5465507877525,1426.894278929382,-1501.080126701659,2023.4049643934977
2021,330510,São João de Meriti,RJ,Rio de Janeiro,Metropolitana do Rio de Janeiro,Rio de Janeiro,Rio de Janeiro,Rio de Janeiro,10245.0,2331.0,639.382033338924,331.8615182419974,234.18356792302188,566.0450861650193,73.33694717390472,11.46997309119417
2021,330513,São José de Ubá,RJ,Rio de Janeiro,Noroeste Fluminense,Santo Antônio de Pádua,Itaperuna,Campos dos Goytacazes,106.0,7.0,306.73556603773613,64.46522182340277,307.98136363636377,372.44658545976654,-65.7110194220304,-21.422693256883786
2021,330515,São José do Vale do Rio Preto,RJ,Rio de Janeiro,Metropolitana do Rio de Janeiro,Serrana,Petrópolis,Petrópolis,1759.0,316.0,443.01704638351816,200.37336859577226,277.57846345978487,477.95183205555713,-34.93478567203897,-7.885652698292802
2021,330520,São Pedro da Aldeia,RJ,Rio de Janeiro,Baixadas,Lagos,Cabo Frio,Macaé - Rio das Ostras - Cabo Frio,4424.0,472.0,686.6066964477272,372.6855558310697,267.7749763249228,640.4605321559925,46.14616429173475,6.720902159923509
2021,330530,São Sebastião do Alto,RJ,Rio de Janeiro,Centro Fluminense,Santa Maria Madalena,Nova Friburgo,Petrópolis,195.0,17.0,431.91371040724016,-55.63382232773802,496.4235299553368,440.7897076275988,-8.875997220358613,-2.055039468876704
2021,330540,Sapucaia,RJ,Rio de Janeiro,Centro Fluminense,Três Rios,Três Rios - Paraíba do Sul,Petrópolis,1730.0,142.0,574.1212146055523,354.9062243681776,318.27505408721504,673.1812784553927,-99.06006384984039,-17.25420718304221
2021,330550,Saquarema,RJ,Rio de Janeiro,Baixadas,Lagos,Rio de Janeiro,Rio de Janeiro,3747.0,397.0,319.38191683825653,143.78766669171205,142.3710197485659,286.15868644027796,33.22323039797857,10.402351744542786
2021,330555,Seropédica,RJ,Rio de Janeiro,Metropolitana do Rio de Janeiro,Itaguaí,Rio de Janeiro,Rio de Janeiro,2912.0,279.0,1129.4106626270236,470.6637542566664,594.1530638062368,1064.8168180629032,64.59384456412045,5.719252234955382
2021,330560,Silva Jardim,RJ,Rio de Janeiro,Baixadas,Bacia de São João,Rio Bonito,Rio de Janeiro,729.0,53.0,395.0605492144841,104.51897664634771,154.3310604520923,258.85003709844,136.21051211604413,34.47838879049739
2021,330570,Sumidouro,RJ,Rio de Janeiro,Centro Fluminense,Nova Friburgo,Nova Friburgo,Petrópolis,732.0,45.0,544.4324981785066,344.25949500411434,245.58996565059147,589.8494606547058,-45.41696247619916,-8.342074109857418
2021,330575,Tanguá,RJ,Rio de Janeiro,Metropolitana do Rio de Janeiro,Rio de Janeiro,Rio de Janeiro,Rio de Janeiro,858.0,101.0,995.6778702485635,508.72881635750196,313.49086770349595,822.2196840609979,173.45818618756562,17.421114937932998
2021,330580,Teresópolis,RJ,Rio de Janeiro,Metropolitana do Rio de Janeiro,Serrana,Petrópolis,Petrópolis,18569.0,1235.0,415.8189128701074,106.38936227893532,302.85608592926724,409.24544820820256,6.573464661904836,1.5808479264525999
2021,330590,Trajano de Moraes,RJ,Rio de Janeiro,Centro Fluminense,Santa Maria Madalena,Nova Friburgo,Petrópolis,174.0,21.0,506.6145566502464,225.94997578628772,272.75903655234674,498.70901233863447,7.905544311611948,1.5604652901968885
2021,330600,Três Rios,RJ,Rio de Janeiro,Centro Fluminense,Três Rios,Três Rios - Paraíba do Sul,Petrópolis,5877.0,1327.0,740.9228021937793,281.94708270379306,449.2495656162746,731.1966483200677,9.72615387371161,1.3127081316587492
2021,330610,Valença,RJ,Rio de Janeiro,Sul Fluminense,Barra do Piraí,Valença,Volta Redonda - Barra Mansa,2975.0,643.0,870.8313613915861,-101.16626225661412,895.0772859863109,793.9110237296968,76.92033766188933,8.832977436523514
2021,330615,Varre-Sai,RJ,Rio de Janeiro,Noroeste Fluminense,Itaperuna,Itaperuna,Campos dos Goytacazes,152.0,15.0,768.9624649122809,452.6256147189524,406.85811583011605,859.4837305490685,-90.52126563678758,-11.771870509585113
2021,330620,Vassouras,RJ,Rio de Janeiro,Metropolitana do Rio de Janeiro,Vassouras,Valença,Volta Redonda - Barra Mansa,1848.0,410.0,1100.1530018741423,60.65179828704049,1019.2526988043719,1079.9044970914124,20.248504782729924,1.8405171597256031
2021,330630,Volta Redonda,RJ,Rio de Janeiro,Sul Fluminense,Vale do Paraíba Fluminense,Volta Redonda - Barra Mansa,Volta Redonda - Barra Mansa,21045.0,4695.0,1090.0341257248083,518.879394640473,523.2238549966994,1042.1032496371724,47.93087608763585,4.397190414177597
2022,330010,Angra dos Reis,RJ,Rio de Janeiro,Sul Fluminense,Baía da Ilha Grande,Angra dos Reis,Rio de Janeiro,12040.0,838.0,2470.70606236372,1725.525371023812,555.2152565832548,2280.740627607067,189.96543475665294,7.688710431823418
2022,330015,Aperibé,RJ,Rio de Janeiro,Noroeste Fluminense,Santo Antônio de Pádua,Santo Antônio de Pádua,Campos dos Goytacazes,554.0,23.0,2120.732301836447,1181.7336507245766,1135.3554843765305,2317.089135101107,-196.35683326466005,-9.25891651174573
2022,330020,Araruama,RJ,Rio de Janeiro,Baixadas,Lagos,Cabo Frio,Macaé - Rio das Ostras - Cabo Frio,5759.0,769.0,435.4914070496543,-218.37839249558874,568.0182169892801,349.6398244936913,85.85158255596298,19.71372595789801
2022,330022,Areal,RJ,Rio de Janeiro,Centro Fluminense,Três Rios,Petrópolis,Petrópolis,1028.0,124.0,1392.9679317810967,665.7995632719885,677.6855241261401,1343.4850873981286,49.482844382968096,3.5523319133196147
2022,330023,Armação dos Búzios,RJ,Rio de Janeiro,Baixadas,Lagos,Cabo Frio,Macaé - Rio das Ostras - Cabo Frio,4128.0,574.0,793.4806593874075,506.8209083560614,487.153806444441,993.9747148005024,-200.49405541309488,-25.267667591026445
2022,330025,Arraial do Cabo,RJ,Rio de Janeiro,Baixadas,Lagos,Cabo Frio,Macaé - Rio das Ostras - Cabo Frio,1890.0,159.0,1356.032897574124,815.6359124722972,342.90746681675273,1158.5433792890499,197.48951828507415,14.563770439373053
2022,330030,Barra do Piraí,RJ,Rio de Janeiro,Sul Fluminense,Barra do Piraí,Volta Redonda - Barra Mansa,Volta Redonda - Barra Mansa,3587.0,1125.0,1168.3246232357592,744.2101215681664,590.6006218414918,1334.8107434096582,-166.48612017389905,-14.249988133675018
2022,330040,Barra Mansa,RJ,Rio de Janeiro,Sul Fluminense,Vale do Paraíba Fluminense,Volta Redonda - Barra Mansa,Volta Redonda - Barra Mansa,9301.0,1505.0,1350.0697039992485,645.1835768238789,735.3758056506954,1380.5593824745742,-30.489678475325718,-2.2583780959610875
2022,330045,Belford Roxo,RJ,Rio de Janeiro,Metropolitana do Rio de Janeiro,Rio de Janeiro,Rio de Janeiro,Rio de Janeiro,6016.0,988.0,1475.836339249182,652.444735750395,819.8740496790447,1472.3187854294397,3.517553819742261,0.23834308223713913
2022,330050,Bom Jardim,RJ,Rio de Janeiro,Centro Fluminense,Nova Friburgo,Nova Friburgo,Petrópolis,2790.0,256.0,1251.616992075493,800.072918972505,588.4740398099862,1388.5469587824912,-136.92996670699813,-10.940245104849057
2022,330060,Bom Jesus do Itabapoana,RJ,Rio de Janeiro,Noroeste Fluminense,Itaperuna,Itaperuna,Campos dos Goytacazes,1813.0,285.0,1200.789354834964,452.0073770835679,835.8375901302372,1287.8449672138051,-87.05561237884126,-7.24986543462539
2022,330070,Cabo Frio,RJ,Rio de Janeiro,Baixadas,Lagos,Cabo Frio,Macaé - Rio das Ostras - Cabo Frio,11136.0,1642.0,714.0875652261223,268.10518663101357,355.20025816974885,623.3054448007624,90.78212042535984,12.713023562679298
2022,330080,Cachoeiras de Macacu,RJ,Rio de Janeiro,Metropolitana do Rio de Janeiro,Macacu-Caceribu,Rio Bonito,Rio de Janeiro,2886.0,159.0,665.2473924214489,314.65860986606185,195.8109083125787,510.46951817864056,154.77787424280837,23.26621284142564
2022,330090,Cambuci,RJ,Rio de Janeiro,Noroeste Fluminense,Santo Antônio de Pádua,Santo Antônio de Pádua,Campos dos Goytacazes,323.0,27.0,828.8510491916061,-149.1251086609609,810.7133294868313,661.5882208258704,167.2628283657357,20.180082842251363
2022,330093,Carapebus,RJ,Rio de Janeiro,Norte Fluminense,Macaé,Macaé - Rio das Ostras,Macaé - Rio das Ostras - Cabo Frio,240.0,35.0,935.0959226190475,653.8344683604657,350.73011898517507,1004.5645873456408,-69.46866472659326,-7.429041561000836
2022,330095,Comendador Levy Gasparian,RJ,Rio de Janeiro,Centro Fluminense,Três Rios,Três Rios - Paraíba do Sul,Petrópolis,526.0,169.0,949.3584004544737,349.40103808762433,323.51795546042285,672.9189935480472,276.4394069064265,29.118550673179943
2022,330100,Campos dos Goytacazes,RJ,Rio de Janeiro,Norte Fluminense,Campos dos Goytacazes,Campos dos Goytacazes,Campos dos Goytacazes,31036.0,4211.0,504.6911582077687,120.74304221601278,572.0466463585894,692.7896885746022,-188.09853036683353,-37.27002688828523
2022,330110,Cantagalo,RJ,Rio de Janeiro,Centro Fluminense,Cantagalo-Cordeiro,Nova Friburgo,Petrópolis,1212.0,291.0,2736.1900871865537,1500.6583087112895,1442.6793827330264,2943.337691444316,-207.1476042577624,-7.570658384730821
2022,330115,Cardoso Moreira,RJ,Rio de Janeiro,Norte Fluminense,Campos dos Goytacazes,Campos dos Goytacazes,Campos dos Goytacazes,457.0,11.0,597.3187467674554,374.38621561387185,-843.7755316755135,-469.3893160616417,1066.7080628290971,178.58271962865106
2022,330120,Carmo,RJ,Rio de Janeiro,Centro Fluminense,Cantagalo-Cordeiro,Nova Friburgo,Petrópolis,1368.0,189.0,1830.5145520050123,457.0729365662851,1140.2918423469387,1597.3647789132237,233.14977309178857,12.73684346493795
2022,330130,Casimiro de Abreu,RJ,Rio de Janeiro,Baixadas,Bacia de São João,Macaé - Rio das Ostras,Macaé - Rio das Ostras - Cabo Frio,2005.0,182.0,942.8253568825191,729.913637752006,-85.21585856320507,644.697779188801,298.1275776937182,31.620657581748347
2022,330140,Conceição de Macabu,RJ,Rio de Janeiro,Norte Fluminense,Macaé,Macaé - Rio das Ostras,Macaé - Rio das Ostras - Cabo Frio,527.0,41.0,743.8646415513495,355.0605557689187,926.1900633166279,1281.2506190855465,-537.3859775341971,-72.24244136856194
2022,330150,Cordeiro,RJ,Rio de Janeiro,Centro Fluminense,Cantagalo-Cordeiro,Nova Friburgo,Petrópolis,1478.0,313.0,1419.6782219517784,1009.8328200782246,656.4686079351268,1666.3014280133514,-246.623206061573,-17.371767929391392
2022,330160,Duas Barras,RJ,Rio de Janeiro,Centro Fluminense,Nova Friburgo,Nova Friburgo,Petrópolis,430.0,36.0,1255.9555310077517,201.5975400571465,1025.9589926380365,1227.556532695183,28.398998312568665,2.2611468010958893
2022,330170,Duque de Caxias,RJ,Rio de Janeiro,Metropolitana do Rio de Janeiro,Rio de Janeiro,Rio de Janeiro,Rio de Janeiro,35097.0,7276.0,2049.1550980722272,888.9316565465997,1182.9121824753388,2071.8438390219385,-22.688740949711246,-1.1072241906459894
2022,330180,Engenheiro Paulo de Frontin,RJ,Rio de Janeiro,Metropolitana do Rio de Janeiro,Vassouras,Volta Redonda - Barra Mansa,Volta Redonda - Barra Mansa,544.0,100.0,797.3484823529413,-97.83924771600232,888.2765620690432,790.4373143530408,6.911167999900499,0.8667688160019992
2022,330185,Guapimirim,RJ,Rio de Janeiro,Metropolitana do Rio de Janeiro,Rio de Janeiro,Rio de Janeiro,Rio de Janeiro,2064.0,430.0,1604.1776356589146,704.0917260605638,715.3781841866344,1419.4699102471982,184.7077254117164,11.514169086134146
2022,330187,Iguaba Grande,RJ,Rio de Janeiro,Baixadas,Lagos,Cabo Frio,Macaé - Rio das Ostras - Cabo Frio,545.0,38.0,577.4376204732012,687.0308095240446,-55.79846053489837,631.2323489891462,-53.79472851594505,-9.31611079857615
2022,330190,Itaboraí,RJ,Rio de Janeiro,Metropolitana do Rio de Janeiro,Rio de Janeiro,Rio de Janeiro,Rio de Janeiro,8187.0,1132.0,2097.685326063124,1414.0716624926263,648.0251314129946,2062.096793905621,35.58853215750332,1.6965620017133296
2022,330200,Itaguaí,RJ,Rio de Janeiro,Metropolitana do Rio de Janeiro,Itaguaí,Rio de Janeiro,Rio de Janeiro,7498.0,620.0,3155.5147781989176,1716.3891533391643,1286.4607890648213,3002.8499424039856,152.66483579493206,4.838032667432761
2022,330205,Italva,RJ,Rio de Janeiro,Noroeste Fluminense,Itaperuna,Campos dos Goytacazes,Campos dos Goytacazes,591.0,40.0,1290.6049170896786,-33.984981598978266,1038.5263218657988,1004.5413402668205,286.06357682285807,22.165077246717228
2022,330210,Itaocara,RJ,Rio de Janeiro,Noroeste Fluminense,Santo Antônio de Pádua,Santo Antônio de Pádua,Campos dos Goytacazes,1265.0,206.0,973.9171295905446,222.71683785495088,819.2142392875787,1041.9310771425296,-68.01394755198498,-6.98354567195871
2022,330220,Itaperuna,RJ,Rio de Janeiro,Noroeste Fluminense,Itaperuna,Itaperuna,Campos dos Goytacazes,7730.0,1384.0,1090.415443462151,275.70573048280494,710.221832848403,985.9275633312079,104.48788013094304,9.58239180831722
2022,330225,Itatiaia,RJ,Rio de Janeiro,Sul Fluminense,Vale do Paraíba Fluminense,Resende,Volta Redonda - Barra Mansa,2841.0,384.0,2634.7556639112554,1012.2636455512579,1551.3196176034276,2563.5832631546855,71.17240075656991,2.7012903599157863
2022,330227,Japeri,RJ,Rio de Janeiro,Metropolitana do Rio de Janeiro,Rio de Janeiro,Rio de Janeiro,Rio de Janeiro,1697.0,267.0,1205.0908151419446,454.5267135045033,667.5350054829573,1122.0617189874606,83.02909615448402,6.889862167334189
2022,330230,Laje do Muriaé,RJ,Rio de Janeiro,Noroeste Fluminense,Itaperuna,Itaperuna,Campos dos Goytacazes,255.0,21.0,962.7520728291315,301.78494955209817,259.9700601490258,561.755009701124,400.99706312800754,41.651124359529284
2022,330240,Macaé,RJ,Rio de Janeiro,Norte Fluminense,Macaé,Macaé - Rio das Ostras,Macaé - Rio das Ostras - Cabo Frio,40353.0,3371.0,8155.777666387075,4450.2208647056505,4422.833578082791,8873.054442788442,-717.2767764013661,-8.794707331926475
2022,330245,Macuco,RJ,Rio de Janeiro,Centro Fluminense,Cantagalo-Cordeiro,Nova Friburgo,Petrópolis,531.0,76.0,1934.969149568837,1506.0940139506724,1317.3081315906325,2823.402145541305,-888.4329959724678,-45.914581954468595
2022,330250,Magé,RJ,Rio de Janeiro,Metropolitana do Rio de Janeiro,Rio de Janeiro,Rio de Janeiro,Rio de Janeiro,5217.0,585.0,793.3445399409229,763.7445983081889,-76.08682914212068,687.6577691660682,105.68677077485472,13.321673680734575
2022,330260,Mangaratiba,RJ,Rio de Janeiro,Metropolitana do Rio de Janeiro,Itaguaí,Rio de Janeiro,Rio de Janeiro,1964.0,201.0,1531.996186633026,1845.7176204885582,-117.93361778189728,1727.7840027066609,-195.78781607363499,-12.779915366756326
2022,330270,Maricá,RJ,Rio de Janeiro,Metropolitana do Rio de Janeiro,Rio de Janeiro,Rio de Janeiro,Rio de Janeiro,8921.0,755.0,349.90502581081455,81.21995765258589,187.86976850237124,269.08972615495713,80.81529965585742,23.0963529227935
2022,330280,Mendes,RJ,Rio de Janeiro,Metropolitana do Rio de Janeiro,Vassouras,Volta Redonda - Barra Mansa,Volta Redonda - Barra Mansa,327.0,56.0,743.6253331148976,177.47199535805566,619.471940198843,796.9439355568986,-53.318602442001065,-7.170089568984977
2022,330285,Mesquita,RJ,Rio de Janeiro,Metropolitana do Rio de Janeiro,Rio de Janeiro,Rio de Janeiro,Rio de Janeiro,3621.0,589.0,706.8339457953484,793.6605372587592,10.779110383252828,804.439647642012,-97.60570184666358,-13.808858845458397
2022,330290,Miguel Pereira,RJ,Rio de Janeiro,Metropolitana do Rio de Janeiro,Vassouras,Valença,Volta Redonda - Barra Mansa,1059.0,140.0,712.786326723324,39.959517227801825,637.9999482446042,677.959465472406,34.826861250918,4.886017021540936
2022,330300,Miracema,RJ,Rio de Janeiro,Noroeste Fluminense,Santo Antônio de Pádua,Santo Antônio de Pádua,Campos dos Goytacazes,1380.0,105.0,910.708629399586,-71.30369173025338,651.7746317127937,580.4709399825404,330.23768941704566,36.261618563421926
2022,330310,Natividade,RJ,Rio de Janeiro,Noroeste Fluminense,Itaperuna,Itaperuna,Campos dos Goytacazes,559.0,68.0,789.8953459433867,164.0959312754694,655.1919863341382,819.2879176096076,-29.392571666220874,-3.721071635270465
2022,330320,Nilópolis,RJ,Rio de Janeiro,Metropolitana do Rio de Janeiro,Rio de Janeiro,Rio de Janeiro,Rio de Janeiro,3497.0,780.0,894.4924166904962,57.98391115440563,795.2575058494467,853.2414170038523,41.25099968664381,4.611665668364977
2022,330330,Niterói,RJ,Rio de Janeiro,Metropolitana do Rio de Janeiro,Rio de Janeiro,Rio de Janeiro,Rio de Janeiro,52391.0,8298.0,2127.613701630083,995.384176319772,1137.9171488565016,2133.3013251762736,-5.68762354619048,-0.2673240702404236
2022,330340,Nova Friburgo,RJ,Rio de Janeiro,Centro Fluminense,Nova Friburgo,Nova Friburgo,Petrópolis,23566.0,2890.0,914.7719753289516,359.13327180573697,497.1416816005212,856.2749534062582,58.49702192269342,6.394710758564496
2022,330350,Nova Iguaçu,RJ,Rio de Janeiro,Metropolitana do Rio de Janeiro,Rio de Janeiro,Rio de Janeiro,Rio de Janeiro,20498.0,4943.0,881.9811047179919,425.67630264590525,490.03939273034075,915.715695376246,-33.73459065825409,-3.824865462286805
2022,330360,Paracambi,RJ,Rio de Janeiro,Metropolitana do Rio de Janeiro,Vassouras,Rio de Janeiro,Rio de Janeiro,1774.0,235.0,1071.1545307155368,645.5977586448735,751.2633574358395,1396.861116080713,-325.7065853651761,-30.40705855462353
2022,330370,Paraíba do Sul,RJ,Rio de Janeiro,Centro Fluminense,Três Rios,Três Rios - Paraíba do Sul,Petrópolis,1699.0,386.0,1392.8271070608434,168.9790755169338,954.6721239653093,1123.651199482243,269.17590757860035,19.32586652097961
2022,330380,Paraty,RJ,Rio de Janeiro,Sul Fluminense,Baía da Ilha Grande,Angra dos Reis,Rio de Janeiro,3205.0,377.0,469.98425491502394,394.98600648874117,162.12822856991443,557.1142350586556,-87.12998014363166,-18.538914704575646
2022,330385,Paty do Alferes,RJ,Rio de Janeiro,Metropolitana do Rio de Janeiro,Vassouras,Valença,Volta Redonda - Barra Mansa,762.0,107.0,1371.1742807908356,324.4103959638578,465.58646166026756,789.9968576241254,581.1774231667102,42.38537954719451
2022,330390,Petrópolis,RJ,Rio de Janeiro,Metropolitana do Rio de Janeiro,Serrana,Petrópolis,Petrópolis,32160.0,3730.0,1479.5427659815864,659.3276873995769,826.4538110109434,1485.7814984105203,-6.238732428933872,-0.4216662453007807
2022,330395,Pinheiral,RJ,Rio de Janeiro,Sul Fluminense,Vale do Paraíba Fluminense,Volta Redonda - Barra Mansa,Volta Redonda - Barra Mansa,881.0,157.0,1133.750685165236,519.1751132645286,704.6246347219628,1223.7997479864914,-90.04906282125535,-7.942580674880151
2022,330400,Piraí,RJ,Rio de Janeiro,Sul Fluminense,Vale do Paraíba Fluminense,Volta Redonda - Barra Mansa,Volta Redonda - Barra Mansa,2415.0,502.0,3557.5381104154812,2463.9264575183,566.3984871148041,3030.324944633104,527.213165782377,14.81960697030465
2022,330410,Porciúncula,RJ,Rio de Janeiro,Noroeste Fluminense,Itaperuna,Itaperuna,Campos dos Goytacazes,525.0,69.0,214.3544057971012,76.70964957292472,399.7629192524521,476.4725688253768,-262.1181630282756,-122.28261045232985
2022,330411,Porto Real,RJ,Rio de Janeiro,Sul Fluminense,Vale do Paraíba Fluminense,Resende,Volta Redonda - Barra Mansa,2802.0,162.0,2928.376674333148,390.53889585011075,2308.2029910163524,2698.741886866463,229.63478746668488,7.841709349736488
2022,330412,Quatis,RJ,Rio de Janeiro,Sul Fluminense,Vale do Paraíba Fluminense,Resende,Volta Redonda - Barra Mansa,319.0,113.0,819.9404044719395,138.91701644569184,1061.7615995872025,1200.6786160328943,-380.7382115609548,-46.43486398333535
2022,330414,Queimados,RJ,Rio de Janeiro,Metropolitana do Rio de Janeiro,Rio de Janeiro,Rio de Janeiro,Rio de Janeiro,4071.0,631.0,1286.2058327873588,517.473323216087,896.6318297607727,1414.1051529768597,-127.89932018950094,-9.943923198694266
2022,330415,Quissamã,RJ,Rio de Janeiro,Norte Fluminense,Macaé,Macaé - Rio das Ostras,Macaé - Rio das Ostras - Cabo Frio,546.0,45.0,947.354716727717,206.9426517144393,1334.03851572327,1540.9811674377092,-593.6264507099922,-62.66147623779751
2022,330420,Resende,RJ,Rio de Janeiro,Sul Fluminense,Vale do Paraíba Fluminense,Resende,Volta Redonda - Barra Mansa,10614.0,2021.0,2824.8701713066125,1290.0412801126981,1430.8369397233223,2720.8782198360204,103.99195147059208,3.681300207240737
2022,330430,Rio Bonito,RJ,Rio de Janeiro,Metropolitana do Rio de Janeiro,Macacu-Caceribu,Rio Bonito,Rio de Janeiro,4641.0,587.0,604.5261246199432,-53.046422749267094,625.9690612861539,572.9226385368868,31.603486083056396,5.227811470170135
2022,330440,Rio Claro,RJ,Rio de Janeiro,Sul Fluminense,Vale do Paraíba Fluminense,Volta Redonda - Barra Mansa,Volta Redonda - Barra Mansa,483.0,45.0,552.9419972394758,-228.16971717247907,475.4647657316782,247.29504855919913,305.64694868027664,55.27649377442799
2022,330450,Rio das Flores,RJ,Rio de Janeiro,Sul Fluminense,Barra do Piraí,Valença,Volta Redonda - Barra Mansa,516.0,366.0,1330.4880235735163,716.3986693696634,935.1646149532539,1651.5632843229173,-321.07526074940097,-24.132142120831343
2022,330452,Rio das Ostras,RJ,Rio de Janeiro,Baixadas,Bacia de São João,Macaé - Rio das Ostras,Macaé - Rio das Ostras - Cabo Frio,8909.0,859.0,4916.24373416452,2874.2506028358957,2193.646454225823,5067.897057061718,-151.65332289719845,-3.084739713845185
2022,330455,Rio de Janeiro,RJ,Rio de Janeiro,Metropolitana do Rio de Janeiro,Rio de Janeiro,Rio de Janeiro,Rio de Janeiro,540510.0,121508.0,4556.744242919911,1346.8186455497735,3271.2591316888684,4618.077777238642,-61.333534318730926,-1.345994663054187
2022,330460,Santa Maria Madalena,RJ,Rio de Janeiro,Centro Fluminense,Santa Maria Madalena,Nova Friburgo,Petrópolis,329.0,55.0,-51.6386499032883,-1531.5866469959642,767.848141127607,-763.7385058683572,712.0998559650689,-1379.005565208867
2022,330470,Santo Antônio de Pádua,RJ,Rio de Janeiro,Noroeste Fluminense,Santo Antônio de Pádua,Santo Antônio de Pádua,Campos dos Goytacazes,2740.0,285.0,1048.4605286848512,159.00135628906446,791.755748739359,950.7571050284234,97.70342365642773,9.318750776339018
2022,330475,São Francisco de Itabapoana,RJ,Rio de Janeiro,Norte Fluminense,Campos dos Goytacazes,Campos dos Goytacazes,Campos dos Goytacazes,2217.0,104.0,-260.47362006002595,-647.4990771866385,561.2213860563911,-86.27769113024738,-174.19592892977857,66.87661072535302
2022,330480,São Fidélis,RJ,Rio de Janeiro,Norte Fluminense,Campos dos Goytacazes,Campos dos Goytacazes,Campos dos Goytacazes,1194.0,104.0,789.8483537881716,-5.497333988284936,756.6072908153781,751.1099568270931,38.73839696107848,4.904536013183574
2022,330490,São Gonçalo,RJ,Rio de Janeiro,Metropolitana do Rio de Janeiro,Rio de Janeiro,Rio de Janeiro,Rio de Janeiro,28624.0,4266.0,1062.0832486878385,612.1260514055489,487.68749461666494,1099.8135460222138,-37.73029733437534,-3.552480220452551
2022,330500,São João da Barra,RJ,Rio de Janeiro,Norte Fluminense,Campos dos Goytacazes,Campos dos Goytacazes,Campos dos Goytacazes,6006.0,137.0,552.872529125375,4473.675070964218,-2125.8488727509675,2347.826198213251,-1794.9536690878758,-324.65958689020596
2022,330510,São João de Meriti,RJ,Rio de Janeiro,Metropolitana do Rio de Janeiro,Rio de Janeiro,Rio de Janeiro,Rio de Janeiro,10549.0,2742.0,1346.4675759712295,506.2848718387272,797.0726822218253,1303.3575540605525,43.110021910677006,3.2017125907826656
2022,330513,São José de Ubá,RJ,Rio de Janeiro,Noroeste Fluminense,Santo Antônio de Pádua,Itaperuna,Campos dos Goytacazes,143.0,8.0,200.94313811188817,-211.9352127659572,-144.110152559055,-356.0453653250122,556.9885034369004,277.18712301922983
2022,330515,São José do Vale do Rio Preto,RJ,Rio de Janeiro,Metropolitana do Rio de Janeiro,Serrana,Petrópolis,Petrópolis,1916.0,303.0,515.0988686034573,236.996786201418,428.38595177057687,665.3827379719949,-150.28386936853758,-29.175732762913874
2022,330520,São Pedro da Aldeia,RJ,Rio de Janeiro,Baixadas,Lagos,Cabo Frio,Macaé - Rio das Ostras - Cabo Frio,4643.0,677.0,1471.5232429880468,738.069919372176,758.4950175910205,1496.5649369631965,-25.041693975149656,-1.7017532067179906
2022,330530,São Sebastião do Alto,RJ,Rio de Janeiro,Centro Fluminense,Santa Maria Madalena,Nova Friburgo,Petrópolis,232.0,20.0,317.84158620689686,-404.40236710260865,133.7607434277911,-270.64162367481754,588.4832098817144,185.14984678519858
2022,330540,Sapucaia,RJ,Rio de Janeiro,Centro Fluminense,Três Rios,Três Rios - Paraíba do Sul,Petrópolis,1843.0,166.0,259.84188796422814,221.32576300031542,383.03332586590045,604.3590888662159,-344.51720090198774,-132.58724511323464
2022,330550,Saquarema,RJ,Rio de Janeiro,Baixadas,Lagos,Rio de Janeiro,Rio de Janeiro,4147.0,452.0,254.50026311268812,-1052.803682718154,1043.0231675195741,-9.780515198579906,264.280778311268,103.84302753913039
2022,330555,Seropédica,RJ,Rio de Janeiro,Metropolitana do Rio de Janeiro,Itaguaí,Rio de Janeiro,Rio de Janeiro,3655.0,291.0,1543.437806337879,533.0793221433782,597.5863063598918,1130.66562850327,412.772177834609,26.743687121024667
2022,330560,Silva Jardim,RJ,Rio de Janeiro,Baixadas,Bacia de São João,Rio Bonito,Rio de Janeiro,805.0,69.0,-332.9396149068325,355.5636366609099,-500.1394709145429,-144.57583425363305,-188.36378065319946,56.57595918884867
2022,330570,Sumidouro,RJ,Rio de Janeiro,Centro Fluminense,Nova Friburgo,Nova Friburgo,Petrópolis,804.0,45.0,887.0768167495855,492.6012962132893,-189.4643991464509,303.1368970668384,583.9399196827471,65.82743553398359
2022,330575,Tanguá,RJ,Rio de Janeiro,Metropolitana do Rio de Janeiro,Rio de Janeiro,Rio de Janeiro,Rio de Janeiro,933.0,134.0,344.8372592023811,343.29908545556964,271.37957285155653,614.6786583071262,-269.84139910474505,-78.25181064508409
2022,330580,Teresópolis,RJ,Rio de Janeiro,Metropolitana do Rio de Janeiro,Serrana,Petrópolis,Petrópolis,18119.0,1336.0,826.7931165059638,279.90073988225777,604.5187206764526,884.4194605587104,-57.62634405274662,-6.969862581376601
2022,330590,Trajano de Moraes,RJ,Rio de Janeiro,Centro Fluminense,Santa Maria Madalena,Nova Friburgo,Petrópolis,210.0,14.0,-682.5185714285712,174.36215449112478,647.2587861905963,821.6209406817211,-1504.1395121102923,220.38074494617726
2022,330600,Três Rios,RJ,Rio de Janeiro,Centro Fluminense,Três Rios,Três Rios - Paraíba do Sul,Petrópolis,5808.0,1369.0,1644.5382941654238,631.232384291633,881.4860809158286,1512.7184652074616,131.81982895796227,8.015613222607179
2022,330610,Valença,RJ,Rio de Janeiro,Sul Fluminense,Barra do Piraí,Valença,Volta Redonda - Barra Mansa,3057.0,724.0,1195.9573260852271,-5.391243818187377,1076.4500469395837,1071.0588031213963,124.89852296383083,10.443392940504486
2022,330615,Varre-Sai,RJ,Rio de Janeiro,Noroeste Fluminense,Itaperuna,Itaperuna,Campos dos Goytacazes,160.0,13.0,1984.8837788461542,1835.8624056122453,-1898.31820071849,-62.45579510624475,2047.339573952399,103.14657189362246
2022,330620,Vassouras,RJ,Rio de Janeiro,Metropolitana do Rio de Janeiro,Vassouras,Valença,Volta Redonda - Barra Mansa,1843.0,438.0,1125.1458803271416,-577.1377048374338,1722.1756767196157,1145.0379718821819,-19.892091555040224,-1.767956662584633
2022,330630,Volta Redonda,RJ,Rio de Janeiro,Sul Fluminense,Vale do Paraíba Fluminense,Volta Redonda - Barra Mansa,Volta Redonda - Barra Mansa,20198.0,4934.0,1435.8514916186668,424.61129655307286,995.1193733938603,1419.7306699469332,16.120821671733665,1.1227360047911579
2023,330010,Angra dos Reis,RJ,Rio de Janeiro,Sul Fluminense,Baía da Ilha Grande,Angra dos Reis,Rio de Janeiro,14931.0,1471.0,2551.157663150333,1586.0003504205133,746.3433770983393,2332.3437275188526,218.8139356314805,8.577044797822296
2023,330015,Aperibé,RJ,Rio de Janeiro,Noroeste Fluminense,Santo Antônio de Pádua,Santo Antônio de Pádua,Campos dos Goytacazes,910.0,39.0,561.379673992674,-82.05561688622356,426.72718757360826,344.6715706873847,216.70810330528934,38.602769808890045
2023,330020,Araruama,RJ,Rio de Janeiro,Baixadas,Lagos,Cabo Frio,Macaé - Rio das Ostras - Cabo Frio,6694.0,1513.0,343.6837452614145,9.141620365619929,294.191076889598,303.3326972552179,40.351048006196606,11.74074961721119
2023,330022,Areal,RJ,Rio de Janeiro,Centro Fluminense,Três Rios,Petrópolis,Petrópolis,1168.0,123.0,113.75010879552292,-113.34562657615834,340.6267885907705,227.28116201461216,-113.53105321908924,-99.80742385325763
2023,330023,Armação dos Búzios,RJ,Rio de Janeiro,Baixadas,Lagos,Cabo Frio,Macaé - Rio das Ostras - Cabo Frio,5254.0,756.0,512.6923137221725,188.68291182177518,358.6452970553262,547.3282088771014,-34.6358951549289,-6.755688397875624
2023,330025,Arraial do Cabo,RJ,Rio de Janeiro,Baixadas,Lagos,Cabo Frio,Macaé - Rio das Ostras - Cabo Frio,2832.0,280.0,879.4817048022599,285.268934000027,537.1380371299306,822.4069711299576,57.07473367230227,6.489587374092654
2023,330030,Barra do Piraí,RJ,Rio de Janeiro,Sul Fluminense,Barra do Piraí,Volta Redonda - Barra Mansa,Volta Redonda - Barra Mansa,4431.0,1547.0,854.6424369441545,175.3289763320804,551.8909381648914,727.2199144969718,127.4225224471827,14.909454169253822
2023,330040,Barra Mansa,RJ,Rio de Janeiro,Sul Fluminense,Vale do Paraíba Fluminense,Volta Redonda - Barra Mansa,Volta Redonda - Barra Mansa,11454.0,2090.0,930.1512402495355,432.2820443814376,415.44458469269557,847.7266290741331,82.42461117540233,8.861420337760336
2023,330045,Belford Roxo,RJ,Rio de Janeiro,Metropolitana do Rio de Janeiro,Rio de Janeiro,Rio de Janeiro,Rio de Janeiro,6760.0,1315.0,916.6030337705586,350.3062788156569,476.9442941850425,827.2505730006994,89.35246076985914,9.748217873804855
2023,330050,Bom Jardim,RJ,Rio de Janeiro,Centro Fluminense,Nova Friburgo,Nova Friburgo,Petrópolis,2809.0,293.0,766.1433353664538,114.82357962256947,545.2746193316871,660.0981989542565,106.04513641219728,13.841422553323508
2023,330060,Bom Jesus do Itabapoana,RJ,Rio de Janeiro,Noroeste Fluminense,Itaperuna,Itaperuna,Campos dos Goytacazes,2260.0,451.0,236.64723123638714,-283.75598591194466,518.299886131877,234.5439002199323,2.103331016454831,0.8888044053867724
2023,330070,Cabo Frio,RJ,Rio de Janeiro,Baixadas,Lagos,Cabo Frio,Macaé - Rio das Ostras - Cabo Frio,15140.0,3395.0,762.7200000282098,166.06633273639636,600.1071372444635,766.1734699808599,-3.453469952650039,-0.45278345297387107
2023,330080,Cachoeiras de Macacu,RJ,Rio de Janeiro,Metropolitana do Rio de Janeiro,Macacu-Caceribu,Rio Bonito,Rio de Janeiro,3345.0,393.0,426.34841577379984,67.9022847685601,407.3231524485391,475.22543721709917,-48.87702144329933,-11.464102981264775
2023,330090,Cambuci,RJ,Rio de Janeiro,Noroeste Fluminense,Santo Antônio de Pádua,Santo Antônio de Pádua,Campos dos Goytacazes,427.0,50.0,738.8381081967214,-108.61561435650174,435.70482328881917,327.08920893231743,411.7488992644039,55.729244972130296
2023,330093,Carapebus,RJ,Rio de Janeiro,Norte Fluminense,Macaé,Macaé - Rio das Ostras,Macaé - Rio das Ostras - Cabo Frio,506.0,110.0,263.7803517786565,427.05149364621184,-38.61052503605015,388.4409686101617,-124.6606168315052,-47.25925035391206
2023,330095,Comendador Levy Gasparian,RJ,Rio de Janeiro,Centro Fluminense,Três Rios,Três Rios - Paraíba do Sul,Petrópolis,696.0,298.0,954.3037409357403,-12.346386759911184,875.4927073489137,863.1463205890025,91.15742034673781,9.552243844014864
2023,330100,Campos dos Goytacazes,RJ,Rio de Janeiro,Norte Fluminense,Campos dos Goytacazes,Campos dos Goytacazes,Campos dos Goytacazes,36307.0,5558.0,442.4198722990727,-190.1144104560035,619.8603384257881,429.7459279697846,12.673944329288133,2.8646869462320708
2023,330110,Cantagalo,RJ,Rio de Janeiro,Centro Fluminense,Cantagalo-Cordeiro,Nova Friburgo,Petrópolis,1731.0,367.0,1435.0191076963279,493.9208590907301,987.8261214011516,1481.7469804918817,-46.72787279555382,-3.2562543972370683
2023,330115,Cardoso Moreira,RJ,Rio de Janeiro,Norte Fluminense,Campos dos Goytacazes,Campos dos Goytacazes,Campos dos Goytacazes,611.0,30.0,-11.252924168030177,-392.0410732371415,114.66264806994604,-277.3784251671955,266.1255009991653,-2364.9452979984894
2023,330120,Carmo,RJ,Rio de Janeiro,Centro Fluminense,Cantagalo-Cordeiro,Nova Friburgo,Petrópolis,1621.0,321.0,1124.0803013985055,293.6997141477,852.1510258272463,1145.8507399749462,-21.77043857644071,-1.9367333943451717
2023,330130,Casimiro de Abreu,RJ,Rio de Janeiro,Baixadas,Bacia de São João,Macaé - Rio das Ostras,Macaé - Rio das Ostras - Cabo Frio,2714.0,394.0,-41.61897139853909,-252.17415440523973,254.77026671581552,2.5961123105757906,-44.21508370911488,106.23780988173802
2023,330140,Conceição de Macabu,RJ,Rio de Janeiro,Norte Fluminense,Macaé,Macaé - Rio das Ostras,Macaé - Rio das Ostras - Cabo Frio,915.0,260.0,174.60255632618782,-71.30905687307859,347.7457492354738,276.4366923623952,-101.83413603620738,-58.32339352807846
2023,330150,Cordeiro,RJ,Rio de Janeiro,Centro Fluminense,Cantagalo-Cordeiro,Nova Friburgo,Petrópolis,1911.0,429.0,727.2314480757339,-91.38414917955333,640.8626411015823,549.478491922029,177.75295615370487,24.442418795837565
2023,330160,Duas Barras,RJ,Rio de Janeiro,Centro Fluminense,Nova Friburgo,Nova Friburgo,Petrópolis,628.0,70.0,250.1006878980893,-202.23996507235825,367.8699466093117,165.62998153695344,84.47070636113585,33.774679738408345
2023,330170,Duque de Caxias,RJ,Rio de Janeiro,Metropolitana do Rio de Janeiro,Rio de Janeiro,Rio de Janeiro,Rio de Janeiro,40593.0,9566.0,1275.4199427737663,539.7606375714286,853.0406365007684,1392.801274072197,-117.38133129843072,-9.20334764745417
2023,330180,Engenheiro Paulo de Frontin,RJ,Rio de Janeiro,Metropolitana do Rio de Janeiro,Vassouras,Volta Redonda - Barra Mansa,Volta Redonda - Barra Mansa,739.0,196.0,630.2677157493581,-74.78465197879814,670.0922006746496,595.3075486958514,34.960167053506666,5.546875745006343
2023,330185,Guapimirim,RJ,Rio de Janeiro,Metropolitana do Rio de Janeiro,Rio de Janeiro,Rio de Janeiro,Rio de Janeiro,2950.0,662.0,1085.3412970249374,436.1646502392996,688.3327387000627,1124.4973889393623,-39.156091914424906,-3.6077215546627484
2023,330187,Iguaba Grande,RJ,Rio de Janeiro,Baixadas,Lagos,Cabo Frio,Macaé - Rio das Ostras - Cabo Frio,1133.0,290.0,462.823756033722,-69.8991944472773,386.9572551402964,317.0580606930191,145.7656953407029,31.494860287612852
2023,330190,Itaboraí,RJ,Rio de Janeiro,Metropolitana do Rio de Janeiro,Rio de Janeiro,Rio de Janeiro,Rio de Janeiro,9736.0,1922.0,1423.2603648933296,931.0313315889834,313.3556421206504,1244.3869737096338,178.87339118369573,12.567861481697479
2023,330200,Itaguaí,RJ,Rio de Janeiro,Metropolitana do Rio de Janeiro,Itaguaí,Rio de Janeiro,Rio de Janeiro,8801.0,1194.0,1956.4167611596981,949.6715664350331,1047.1715295567906,1996.8430959918237,-40.426334832125576,-2.0663457620431656
2023,330205,Italva,RJ,Rio de Janeiro,Noroeste Fluminense,Itaperuna,Campos dos Goytacazes,Campos dos Goytacazes,1054.0,44.0,833.520134121097,-92.81097940379414,871.0691749616992,778.2581955579051,55.26193856319196,6.6299464525188405
2023,330210,Itaocara,RJ,Rio de Janeiro,Noroeste Fluminense,Santo Antônio de Pádua,Santo Antônio de Pádua,Campos dos Goytacazes,1650.0,281.0,429.65679359430646,-13.644163032889992,510.25326773623465,496.60910470334466,-66.95231110903819,-15.582742343940769
2023,330220,Itaperuna,RJ,Rio de Janeiro,Noroeste Fluminense,Itaperuna,Itaperuna,Campos dos Goytacazes,8569.0,1813.0,641.4798262487113,73.38342093865731,541.1343549119727,614.51777585063,26.962050398081374,4.203101842773741
2023,330225,Itatiaia,RJ,Rio de Janeiro,Sul Fluminense,Vale do Paraíba Fluminense,Resende,Volta Redonda - Barra Mansa,3411.0,737.0,1773.115467091663,743.5594341939727,1179.7206990251234,1923.2801332190961,-150.16466612743307,-8.468972772187213
2023,330227,Japeri,RJ,Rio de Janeiro,Metropolitana do Rio de Janeiro,Rio de Janeiro,Rio de Janeiro,Rio de Janeiro,2046.0,650.0,786.862695104895,-196.99223743023822,952.1048872846272,755.112649854389,31.75004525050599,4.035017220669415
2023,330230,Laje do Muriaé,RJ,Rio de Janeiro,Noroeste Fluminense,Itaperuna,Itaperuna,Campos dos Goytacazes,541.0,66.0,513.1305828152135,-42.30884446209484,586.9783415120623,544.6694970499675,-31.538914234753975,-6.1463719550139615
2023,330240,Macaé,RJ,Rio de Janeiro,Norte Fluminense,Macaé,Macaé - Rio das Ostras,Macaé - Rio das Ostras - Cabo Frio,48476.0,6101.0,6140.647173531859,3126.0869058597564,3286.974124511901,6413.061030371658,-272.4138568397984,-4.436240173739157
2023,330245,Macuco,RJ,Rio de Janeiro,Centro Fluminense,Cantagalo-Cordeiro,Nova Friburgo,Petrópolis,1226.0,127.0,249.4531793425906,-372.61271470947486,371.91546679042335,-0.697247919051506,250.1504272616421,100.27951053616115
2023,330250,Magé,RJ,Rio de Janeiro,Metropolitana do Rio de Janeiro,Rio de Janeiro,Rio de Janeiro,Rio de Janeiro,6254.0,895.0,492.60783736710187,172.88167605276158,111.87873467324289,284.76041072600447,207.8474266410974,42.19328457135469
2023,330260,Mangaratiba,RJ,Rio de Janeiro,Metropolitana do Rio de Janeiro,Itaguaí,Rio de Janeiro,Rio de Janeiro,3515.0,451.0,1246.147332439687,557.9809614424653,591.2781487760049,1149.2591102184701,96.88822222121689,7.775021435991096
2023,330270,Maricá,RJ,Rio de Janeiro,Metropolitana do Rio de Janeiro,Rio de Janeiro,Rio de Janeiro,Rio de Janeiro,11434.0,1609.0,61.96027467336762,-218.32948251413018,337.76386362908625,119.43438111495607,-57.47410644158845,-92.75960564179444
2023,330280,Mendes,RJ,Rio de Janeiro,Metropolitana do Rio de Janeiro,Vassouras,Volta Redonda - Barra Mansa,Volta Redonda - Barra Mansa,690.0,262.0,421.9100486779507,-121.4575326012473,576.700153384179,455.2426207829317,-33.332572104980954,-7.90039777659435
2023,330285,Mesquita,RJ,Rio de Janeiro,Metropolitana do Rio de Janeiro,Rio de Janeiro,Rio de Janeiro,Rio de Janeiro,4232.0,1275.0,346.07310586937956,221.52168707263672,98.9797333599704,320.5014204326071,25.57168543677244,7.389099298118854
2023,330290,Miguel Pereira,RJ,Rio de Janeiro,Metropolitana do Rio de Janeiro,Vassouras,Valença,Volta Redonda - Barra Mansa,1475.0,219.0,745.4860859376208,136.41209285090827,580.15611489926,716.5682077501683,28.917878187452516,3.8790634369897874
2023,330300,Miracema,RJ,Rio de Janeiro,Noroeste Fluminense,Santo Antônio de Pádua,Santo Antônio de Pádua,Campos dos Goytacazes,1751.0,128.0,862.383805682467,-105.74082861206125,786.881334994247,681.1405063821858,181.24329930028125,21.016547169140107
2023,330310,Natividade,RJ,Rio de Janeiro,Noroeste Fluminense,Itaperuna,Itaperuna,Campos dos Goytacazes,875.0,135.0,355.70592507936544,-149.50020298047912,442.65461819032043,293.1544152098413,62.551509869524125,17.58517512902479
2023,330320,Nilópolis,RJ,Rio de Janeiro,Metropolitana do Rio de Janeiro,Rio de Janeiro,Rio de Janeiro,Rio de Janeiro,3566.0,1089.0,338.00014593237734,140.87507507329565,194.73915125366193,335.6142263269576,2.3859196054197582,0.7058930696133787
2023,330330,Niterói,RJ,Rio de Janeiro,Metropolitana do Rio de Janeiro,Rio de Janeiro,Rio de Janeiro,Rio de Janeiro,60500.0,12118.0,1385.604738023977,393.51668625603725,1030.4905528429626,1424.007239099,-38.40250107502288,-2.771533614253443
2023,330340,Nova Friburgo,RJ,Rio de Janeiro,Centro Fluminense,Nova Friburgo,Nova Friburgo,Petrópolis,24767.0,3162.0,547.8409898115074,121.80821349884945,403.9951786860563,525.8033921849058,22.03759762660161,4.02262664467366
2023,330350,Nova Iguaçu,RJ,Rio de Janeiro,Metropolitana do Rio de Janeiro,Rio de Janeiro,Rio de Janeiro,Rio de Janeiro,22244.0,6625.0,650.2355686165442,197.15476852064148,462.88020602716324,660.0349745478047,-9.79940593126048,-1.5070547358874749
2023,330360,Paracambi,RJ,Rio de Janeiro,Metropolitana do Rio de Janeiro,Vassouras,Rio de Janeiro,Rio de Janeiro,2579.0,326.0,562.2830389150693,217.52485024969292,343.03569709332737,560.5605473430203,1.7224915720489662,0.30633888145951027
2023,330370,Paraíba do Sul,RJ,Rio de Janeiro,Centro Fluminense,Três Rios,Três Rios - Paraíba do Sul,Petrópolis,1918.0,453.0,535.417815006894,-92.25326394462445,440.19706676775195,347.9438028231275,187.4740121837665,35.01452639960301
2023,330380,Paraty,RJ,Rio de Janeiro,Sul Fluminense,Baía da Ilha Grande,Angra dos Reis,Rio de Janeiro,3840.0,533.0,217.51468709935943,128.6973328789236,100.51334166785819,229.21067454678177,-11.69598744742234,-5.377102394046468
2023,330385,Paty do Alferes,RJ,Rio de Janeiro,Metropolitana do Rio de Janeiro,Vassouras,Valença,Volta Redonda - Barra Mansa,1203.0,225.0,560.1020192851206,-175.22679546839163,753.975998561376,578.7492030929843,-18.647183807863712,-3.3292477380574024
2023,330390,Petrópolis,RJ,Rio de Janeiro,Metropolitana do Rio de Janeiro,Serrana,Petrópolis,Petrópolis,34460.0,4843.0,982.1091643054478,242.34555346057687,726.6444134908643,968.9899669514411,13.119197354006701,1.3358186473379117
2023,330395,Pinheiral,RJ,Rio de Janeiro,Sul Fluminense,Vale do Paraíba Fluminense,Volta Redonda - Barra Mansa,Volta Redonda - Barra Mansa,1272.0,436.0,322.3592954099595,85.17085911949926,305.19674589331953,390.3676050128188,-68.0083096028593,-21.097052441552812
2023,330400,Piraí,RJ,Rio de Janeiro,Sul Fluminense,Vale do Paraíba Fluminense,Volta Redonda - Barra Mansa,Volta Redonda - Barra Mansa,3224.0,687.0,1705.3002001410457,672.097183599552,893.4444284662909,1565.5416120658429,139.75858807520285,8.195541645021995
2023,330410,Porciúncula,RJ,Rio de Janeiro,Noroeste Fluminense,Itaperuna,Itaperuna,Campos dos Goytacazes,658.0,93.0,775.1536348334803,-303.9548446746703,921.7626196361489,617.8077749614786,157.3458598720017,20.298667619071797
2023,330411,Porto Real,RJ,Rio de Janeiro,Sul Fluminense,Vale do Paraíba Fluminense,Resende,Volta Redonda - Barra Mansa,3032.0,212.0,2714.841423806442,170.2257536542893,2191.355649410489,2361.5814030647784,353.26002074166354,13.012178819872378
2023,330412,Quatis,RJ,Rio de Janeiro,Sul Fluminense,Vale do Paraíba Fluminense,Resende,Volta Redonda - Barra Mansa,516.0,179.0,286.09947836819583,167.055686418822,263.119139445952,430.174825864774,-144.07534749657816,-50.35847961636628
2023,330414,Queimados,RJ,Rio de Janeiro,Metropolitana do Rio de Janeiro,Rio de Janeiro,Rio de Janeiro,Rio de Janeiro,4664.0,1041.0,609.8000318152162,51.23425136622291,640.8601326989724,692.0943840651953,-82.29435224997906,-13.49530140315181
2023,330415,Quissamã,RJ,Rio de Janeiro,Norte Fluminense,Macaé,Macaé - Rio das Ostras,Macaé - Rio das Ostras - Cabo Frio,1191.0,96.0,655.6472100650708,-382.0402614888567,1416.7500240389313,1034.7097625500746,-379.06255248500383,-57.81501799533062
2023,330420,Resende,RJ,Rio de Janeiro,Sul Fluminense,Vale do Paraíba Fluminense,Resende,Volta Redonda - Barra Mansa,12686.0,2840.0,1903.2686600883085,749.9552170612374,1128.8666394925722,1878.8218565538095,24.44680353449894,1.2844641456642623
2023,330430,Rio Bonito,RJ,Rio de Janeiro,Metropolitana do Rio de Janeiro,Macacu-Caceribu,Rio Bonito,Rio de Janeiro,5567.0,839.0,692.4866663997552,155.20022295143963,482.88490394550536,638.085126896945,54.40153950281024,7.855969239905276
2023,330440,Rio Claro,RJ,Rio de Janeiro,Sul Fluminense,Vale do Paraíba Fluminense,Volta Redonda - Barra Mansa,Volta Redonda - Barra Mansa,894.0,146.0,870.9056357451504,-168.88757941894255,870.2518080961722,701.3642286772297,169.54140706792077,19.4672534094765
2023,330450,Rio das Flores,RJ,Rio de Janeiro,Sul Fluminense,Barra do Piraí,Valença,Volta Redonda - Barra Mansa,776.0,322.0,1124.4317841134664,194.38195692660383,868.6737626599172,1063.055719586521,61.376064526945356,5.458407116740832
2023,330452,Rio das Ostras,RJ,Rio de Janeiro,Baixadas,Bacia de São João,Macaé - Rio das Ostras,Macaé - Rio das Ostras - Cabo Frio,12409.0,1532.0,3446.8441883459886,1941.6466798605002,1490.754339705512,3432.401019566012,14.443168779976531,0.4190258680334276
2023,330455,Rio de Janeiro,RJ,Rio de Janeiro,Metropolitana do Rio de Janeiro,Rio de Janeiro,Rio de Janeiro,Rio de Janeiro,673464.0,146347.0,3610.7297861646566,913.0949911649059,2821.0656629575296,3734.1606541224355,-123.4308679577789,-3.418446554232131
2023,330460,Santa Maria Madalena,RJ,Rio de Janeiro,Centro Fluminense,Santa Maria Madalena,Nova Friburgo,Petrópolis,599.0,116.0,407.2299025674979,-351.0856161472275,797.1900237144,446.10440756717253,-38.87450499967463,-9.54608312272236
2023,330470,Santo Antônio de Pádua,RJ,Rio de Janeiro,Noroeste Fluminense,Santo Antônio de Pádua,Santo Antônio de Pádua,Campos dos Goytacazes,3641.0,388.0,642.7863085931415,71.13941432569936,474.8544264006073,545.9938407263066,96.79246786683484,15.058265332172885
2023,330475,São Francisco de Itabapoana,RJ,Rio de Janeiro,Norte Fluminense,Campos dos Goytacazes,Campos dos Goytacazes,Campos dos Goytacazes,2087.0,152.0,401.23253949890295,-812.6223762321288,973.2439295062934,160.62155327416463,240.61098622473833,59.967964344376455
2023,330480,São Fidélis,RJ,Rio de Janeiro,Norte Fluminense,Campos dos Goytacazes,Campos dos Goytacazes,Campos dos Goytacazes,2004.0,168.0,160.21857606216145,-211.49703597199095,393.13752817455656,181.6404922025656,-21.421916140404164,-13.370432235081726
2023,330490,São Gonçalo,RJ,Rio de Janeiro,Metropolitana do Rio de Janeiro,Rio de Janeiro,Rio de Janeiro,Rio de Janeiro,30390.0,5294.0,705.2806704037539,410.4477336816076,293.2521757324198,703.6999094140274,1.5807609897265138,0.22413218681033345
2023,330500,São João da Barra,RJ,Rio de Janeiro,Norte Fluminense,Campos dos Goytacazes,Campos dos Goytacazes,Campos dos Goytacazes,9412.0,470.0,1532.7158247642215,1750.2281390433523,72.94782016750105,1823.1759592108533,-290.46013444663186,-18.950684122499585
2023,330510,São João de Meriti,RJ,Rio de Janeiro,Metropolitana do Rio de Janeiro,Rio de Janeiro,Rio de Janeiro,Rio de Janeiro,11765.0,3258.0,678.7045129149549,334.4750609469959,267.3996895834275,601.8747505304234,76.82976238453148,11.320060633537976
2023,330513,São José de Ubá,RJ,Rio de Janeiro,Noroeste Fluminense,Santo Antônio de Pádua,Itaperuna,Campos dos Goytacazes,302.0,50.0,-45.89525165562918,-238.26430429731772,273.46761455649585,35.203310259178124,-81.0985619148073,176.7036000223355
2023,330515,São José do Vale do Rio Preto,RJ,Rio de Janeiro,Metropolitana do Rio de Janeiro,Serrana,Petrópolis,Petrópolis,2438.0,311.0,899.9100850415052,-202.9175038794483,964.1729053454706,761.2554014660222,138.65468357548298,15.407615258483077
2023,330520,São Pedro da Aldeia,RJ,Rio de Janeiro,Baixadas,Lagos,Cabo Frio,Macaé - Rio das Ostras - Cabo Frio,6340.0,1112.0,427.271713416018,43.42542513292301,381.1834985259311,424.6089236588541,2.662789757163864,0.6232075921607308
2023,330530,São Sebastião do Alto,RJ,Rio de Janeiro,Centro Fluminense,Santa Maria Madalena,Nova Friburgo,Petrópolis,601.0,50.0,1115.6923034941765,95.54164508003805,1160.2292649854585,1255.7709100654965,-140.07860657132005,-12.555308137612442
2023,330540,Sapucaia,RJ,Rio de Janeiro,Centro Fluminense,Três Rios,Três Rios - Paraíba do Sul,Petrópolis,2119.0,253.0,113.47616151253396,-62.16456200131415,411.3423173173828,349.17775531606867,-235.7015938035347,-207.71022800017818
2023,330550,Saquarema,RJ,Rio de Janeiro,Baixadas,Lagos,Rio de Janeiro,Rio de Janeiro,5955.0,1417.0,104.69518387079734,-210.44669100266356,355.37116899756666,144.9244779949031,-40.22929412410576,-38.42516211037185
2023,330555,Seropédica,RJ,Rio de Janeiro,Metropolitana do Rio de Janeiro,Itaguaí,Rio de Janeiro,Rio de Janeiro,5419.0,587.0,1579.4256822593734,-209.0105189567048,1701.3911617529661,1492.3806427962613,87.04503946311206,5.511182985108476
2023,330560,Silva Jardim,RJ,Rio de Janeiro,Baixadas,Bacia de São João,Rio Bonito,Rio de Janeiro,1339.0,131.0,355.61203934803825,-616.6563135514716,874.9832672455937,258.32695369412204,97.28508565391621,27.357084375510443
2023,330570,Sumidouro,RJ,Rio de Janeiro,Centro Fluminense,Nova Friburgo,Nova Friburgo,Petrópolis,1107.0,61.0,694.636367823241,-44.5060771056078,863.0970949843529,818.5910178787451,-123.95465005550409,-17.844537919017494
2023,330575,Tanguá,RJ,Rio de Janeiro,Metropolitana do Rio de Janeiro,Rio de Janeiro,Rio de Janeiro,Rio de Janeiro,1056.0,184.0,535.4218577075098,-54.58601657880854,387.0669819832583,332.48096540444976,202.94089230306008,37.902989835338886
2023,330580,Teresópolis,RJ,Rio de Janeiro,Metropolitana do Rio de Janeiro,Serrana,Petrópolis,Petrópolis,19211.0,1801.0,275.53099288011435,-37.074935439704404,345.09289058885633,308.01795514915193,-32.486962269037576,-11.790674409964799
2023,330590,Trajano de Moraes,RJ,Rio de Janeiro,Centro Fluminense,Santa Maria Madalena,Nova Friburgo,Petrópolis,642.0,44.0,662.2459798923821,-389.9386714241655,854.2777076008708,464.33903617670535,197.9069437156768,29.8842046195339
2023,330600,Três Rios,RJ,Rio de Janeiro,Centro Fluminense,Três Rios,Três Rios - Paraíba do Sul,Petrópolis,6700.0,1826.0,778.6798041375819,68.33795062569061,648.5926764008382,716.9306270265288,61.749177111053086,7.929983130799532
2023,330610,Valença,RJ,Rio de Janeiro,Sul Fluminense,Barra do Piraí,Valença,Volta Redonda - Barra Mansa,3517.0,1010.0,624.7909940430777,-273.22400501510583,882.7536044931092,609.5295994780033,15.261394565074397,2.442639972499694
2023,330615,Varre-Sai,RJ,Rio de Janeiro,Noroeste Fluminense,Itaperuna,Itaperuna,Campos dos Goytacazes,431.0,35.0,664.0157215777263,-115.50887340517738,850.6883872422964,735.179513837119,-71.16379225939272,-10.71718484169394
2023,330620,Vassouras,RJ,Rio de Janeiro,Metropolitana do Rio de Janeiro,Vassouras,Valença,Volta Redonda - Barra Mansa,2595.0,794.0,891.7461619807514,-253.6812754013904,1132.033445365907,878.3521699645166,13.393992016234733,1.50199603735708
2023,330630,Volta Redonda,RJ,Rio de Janeiro,Sul Fluminense,Vale do Paraíba Fluminense,Volta Redonda - Barra Mansa,Volta Redonda - Barra Mansa,22690.0,6665.0,1226.181459756521,578.0564353148488,594.4760213968484,1172.5324567116973,53.64900304482376,4.3752906731664885
2024,330010,Angra dos Reis,RJ,Rio de Janeiro,Sul Fluminense,Baía da Ilha Grande,Angra dos Reis,Rio de Janeiro,15977.0,1910.0,2595.078407612776,1506.2037449646227,1006.2775890311646,2512.4813339957873,82.59707361698884,3.1828353769460955
2024,330015,Aperibé,RJ,Rio de Janeiro,Noroeste Fluminense,Santo Antônio de Pádua,Santo Antônio de Pádua,Campos dos Goytacazes,882.0,44.0,710.2518032364458,-186.58572820370773,594.1171888354702,407.53146063176246,302.7203426046833,42.62155213478655
2024,330020,Araruama,RJ,Rio de Janeiro,Baixadas,Lagos,Cabo Frio,Macaé - Rio das Ostras - Cabo Frio,6473.0,1916.0,518.7476970212224,-6.629472033630009,528.4883234688082,521.8588514351782,-3.1111544139557736,-0.5997432724657462
2024,330022,Areal,RJ,Rio de Janeiro,Centro Fluminense,Três Rios,Petrópolis,Petrópolis,1256.0,143.0,282.3006493029261,-100.40618624600211,386.3701161996655,285.9639299536634,-3.663280650737306,-1.2976522228280032
2024,330023,Armação dos Búzios,RJ,Rio de Janeiro,Baixadas,Lagos,Cabo Frio,Macaé - Rio das Ostras - Cabo Frio,5538.0,1193.0,643.0064305929286,194.27454387281068,487.36137264449235,681.635916517303,-38.62948592437442,-6.0076360183137565
2024,330025,Arraial do Cabo,RJ,Rio de Janeiro,Baixadas,Lagos,Cabo Frio,Macaé - Rio das Ostras - Cabo Frio,2699.0,344.0,724.4691077875527,-88.55649152983824,635.0453416082019,546.4888500783636,177.98025770918912,24.56699061368135
2024,330030,Barra do Piraí,RJ,Rio de Janeiro,Sul Fluminense,Barra do Piraí,Volta Redonda - Barra Mansa,Volta Redonda - Barra Mansa,4867.0,1856.0,965.4453437460147,229.5768105762404,608.4351146462066,838.011925222447,127.43341852356775,13.199444106189858
2024,330040,Barra Mansa,RJ,Rio de Janeiro,Sul Fluminense,Vale do Paraíba Fluminense,Volta Redonda - Barra Mansa,Volta Redonda - Barra Mansa,12047.0,2433.0,984.4461377743312,449.67859536545257,451.12819737235714,900.8067927378097,83.63934503652149,8.496081382940474
2024,330045,Belford Roxo,RJ,Rio de Janeiro,Metropolitana do Rio de Janeiro,Rio de Janeiro,Rio de Janeiro,Rio de Janeiro,6792.0,1579.0,990.0771449796393,328.3378851528719,520.5641275896783,848.9020127425501,141.1751322370892,14.259003245650362
2024,330050,Bom Jardim,RJ,Rio de Janeiro,Centro Fluminense,Nova Friburgo,Nova Friburgo,Petrópolis,3019.0,344.0,765.2403034560186,181.34503362140504,505.25195842329913,686.5969920447042,78.64331141131447,10.276943210667472
2024,330060,Bom Jesus do Itabapoana,RJ,Rio de Janeiro,Noroeste Fluminense,Itaperuna,Itaperuna,Campos dos Goytacazes,2420.0,529.0,115.82264540923961,-348.40183346475897,501.755551721365,153.35371825660604,-37.53107284736643,-32.40391610358818
2024,330070,Cabo Frio,RJ,Rio de Janeiro,Baixadas,Lagos,Cabo Frio,Macaé - Rio das Ostras - Cabo Frio,17298.0,3891.0,892.8721135048174,162.1840407712184,787.4029690747575,949.5870098459759,-56.714896341158465,-6.351961886068297
2024,330080,Cachoeiras de Macacu,RJ,Rio de Janeiro,Metropolitana do Rio de Janeiro,Macacu-Caceribu,Rio Bonito,Rio de Janeiro,3408.0,394.0,328.63503025130467,-39.91115810533438,387.8700035607362,347.95884545540184,-19.323815204097173,-5.880022951089663
2024,330090,Cambuci,RJ,Rio de Janeiro,Noroeste Fluminense,Santo Antônio de Pádua,Santo Antônio de Pádua,Campos dos Goytacazes,502.0,67.0,398.6514042338101,-336.82779240029504,446.1120742449441,109.28428184464906,289.36712238916107,72.58650523138418
2024,330093,Carapebus,RJ,Rio de Janeiro,Norte Fluminense,Macaé,Macaé - Rio das Ostras,Macaé - Rio das Ostras - Cabo Frio,573.0,141.0,572.150189001522,511.572962005102,100.39817031858001,611.971132323682,-39.82094332216002,-6.959875936011286
2024,330095,Comendador Levy Gasparian,RJ,Rio de Janeiro,Centro Fluminense,Três Rios,Três Rios - Paraíba do Sul,Petrópolis,746.0,336.0,897.9627104876802,-10.05031095762115,839.7171413154736,829.6668303578524,68.29588012982776,7.60564768805784
2024,330100,Campos dos Goytacazes,RJ,Rio de Janeiro,Norte Fluminense,Campos dos Goytacazes,Campos dos Goytacazes,Campos dos Goytacazes,37073.0,6707.0,546.2982632793392,-203.40966981262682,721.392779319383,517.9831095067561,28.315153772583017,5.183094231823433
2024,330110,Cantagalo,RJ,Rio de Janeiro,Centro Fluminense,Cantagalo-Cordeiro,Nova Friburgo,Petrópolis,1661.0,379.0,1529.1012136726615,564.7125930323064,1019.7828547054951,1584.4954477378014,-55.394234065139926,-3.6226662806768464
2024,330115,Cardoso Moreira,RJ,Rio de Janeiro,Norte Fluminense,Campos dos Goytacazes,Campos dos Goytacazes,Campos dos Goytacazes,656.0,58.0,128.1061979604708,-307.9441794161198,164.30740604949574,-143.63677336662408,271.7429713270949,212.12320375860773
2024,330120,Carmo,RJ,Rio de Janeiro,Centro Fluminense,Cantagalo-Cordeiro,Nova Friburgo,Petrópolis,1577.0,391.0,987.3838864949639,228.1492175468943,784.2571757616201,1012.4063933085145,-25.022506813550535,-2.5342227228738716
2024,330130,Casimiro de Abreu,RJ,Rio de Janeiro,Baixadas,Bacia de São João,Macaé - Rio das Ostras,Macaé - Rio das Ostras - Cabo Frio,2825.0,508.0,59.865989394467306,-362.90212391831847,375.439273521466,12.537149603147554,47.32883979131975,79.05797644044915
2024,330140,Conceição de Macabu,RJ,Rio de Janeiro,Norte Fluminense,Macaé,Macaé - Rio das Ostras,Macaé - Rio das Ostras - Cabo Frio,869.0,239.0,158.6842338859169,-87.89281133830946,268.20737919889643,180.31456786058698,-21.630333974670066,-13.631054229508896
2024,330150,Cordeiro,RJ,Rio de Janeiro,Centro Fluminense,Cantagalo-Cordeiro,Nova Friburgo,Petrópolis,2016.0,511.0,719.810228038704,-24.587783670481258,602.4713836309579,577.8835999604767,141.9266280782274,19.717228590227258
2024,330160,Duas Barras,RJ,Rio de Janeiro,Centro Fluminense,Nova Friburgo,Nova Friburgo,Petrópolis,735.0,72.0,178.77664058956907,-247.38239417790464,370.3415011820332,122.95910700412855,55.817533585440515,31.221938952072048
2024,330170,Duque de Caxias,RJ,Rio de Janeiro,Metropolitana do Rio de Janeiro,Rio de Janeiro,Rio de Janeiro,Rio de Janeiro,44142.0,12351.0,1416.0291363096771,570.8769595710587,912.5720319163352,1483.4489914873939,-67.41985517771673,-4.761191238862503
2024,330180,Engenheiro Paulo de Frontin,RJ,Rio de Janeiro,Metropolitana do Rio de Janeiro,Vassouras,Volta Redonda - Barra Mansa,Volta Redonda - Barra Mansa,648.0,200.0,655.4616734567903,-81.50201022089914,719.8897878773573,638.3877776564582,17.07389580033214,2.6048656224684192
2024,330185,Guapimirim,RJ,Rio de Janeiro,Metropolitana do Rio de Janeiro,Rio de Janeiro,Rio de Janeiro,Rio de Janeiro,3093.0,800.0,1196.2410288352735,457.9849018040504,779.8910010749578,1237.8759028790082,-41.634874043734726,-3.480475342354103
2024,330187,Iguaba Grande,RJ,Rio de Janeiro,Baixadas,Lagos,Cabo Frio,Macaé - Rio das Ostras - Cabo Frio,1244.0,448.0,427.95669111736333,-111.74394069732989,469.3677751826217,357.6238344852918,70.33285663207153,16.434573425744933
2024,330190,Itaboraí,RJ,Rio de Janeiro,Metropolitana do Rio de Janeiro,Rio de Janeiro,Rio de Janeiro,Rio de Janeiro,10347.0,2625.0,1675.0917058912867,1067.6212410043845,427.824565551497,1495.4458065558815,179.64589933540515,10.724541152200304
2024,330200,Itaguaí,RJ,Rio de Janeiro,Metropolitana do Rio de Janeiro,Itaguaí,Rio de Janeiro,Rio de Janeiro,9126.0,1489.0,2048.42880972997,872.8723047653139,1225.752354099935,2098.624658865249,-50.19584913527888,-2.4504561201663555
2024,330205,Italva,RJ,Rio de Janeiro,Noroeste Fluminense,Itaperuna,Campos dos Goytacazes,Campos dos Goytacazes,1076.0,58.0,838.8232319574417,-67.07880273700266,762.1612550835152,695.0824523465126,143.74077961092917,17.13600364590545
2024,330210,Itaocara,RJ,Rio de Janeiro,Noroeste Fluminense,Santo Antônio de Pádua,Santo Antônio de Pádua,Campos dos Goytacazes,1701.0,281.0,406.55262384906473,16.38798230391967,511.6427862642363,528.030768568156,-121.47814471909123,-29.880054288910646
2024,330220,Itaperuna,RJ,Rio de Janeiro,Noroeste Fluminense,Itaperuna,Itaperuna,Campos dos Goytacazes,9067.0,2096.0,655.3853648443687,59.5859225386821,550.4875658442138,610.0734883828959,45.31187646147282,6.91377606093368
2024,330225,Itatiaia,RJ,Rio de Janeiro,Sul Fluminense,Vale do Paraíba Fluminense,Resende,Volta Redonda - Barra Mansa,3617.0,884.0,1859.5166786773625,800.826507442107,1214.4781634813094,2015.3046709234163,-155.78799224605382,-8.377875500254332
2024,330227,Japeri,RJ,Rio de Janeiro,Metropolitana do Rio de Janeiro,Rio de Janeiro,Rio de Janeiro,Rio de Janeiro,2184.0,1032.0,1031.973970525598,286.93307499821276,929.1550112219247,1216.0880862201375,-184.11411569453958,-17.84096507790481
2024,330230,Laje do Muriaé,RJ,Rio de Janeiro,Noroeste Fluminense,Itaperuna,Itaperuna,Campos dos Goytacazes,553.0,66.0,466.09581922297093,-116.07998287996452,683.3281890539647,567.2482061740002,-101.15238695102926,-21.70205841358126
2024,330240,Macaé,RJ,Rio de Janeiro,Norte Fluminense,Macaé,Macaé - Rio das Ostras,Macaé - Rio das Ostras - Cabo Frio,51965.0,7458.0,6514.089809989948,3286.746937603679,3563.490271106616,6850.237208710295,-336.14739872034716,-5.160312622721821
2024,330245,Macuco,RJ,Rio de Janeiro,Centro Fluminense,Cantagalo-Cordeiro,Nova Friburgo,Petrópolis,1586.0,168.0,68.53264194139228,-568.0143936029062,540.0181853779584,-27.99620822494785,96.52885016634013,140.85091050318712
2024,330250,Magé,RJ,Rio de Janeiro,Metropolitana do Rio de Janeiro,Rio de Janeiro,Rio de Janeiro,Rio de Janeiro,6186.0,1183.0,633.7145818606025,132.20174927721519,250.00745047317605,382.20919975039124,251.50538211021126,39.687485393153636
2024,330260,Mangaratiba,RJ,Rio de Janeiro,Metropolitana do Rio de Janeiro,Itaguaí,Rio de Janeiro,Rio de Janeiro,3521.0,602.0,1542.467066966969,595.6006693857125,851.6435940765232,1447.2442634622357,95.22280350473329,6.173409179618642
2024,330270,Maricá,RJ,Rio de Janeiro,Metropolitana do Rio de Janeiro,Rio de Janeiro,Rio de Janeiro,Rio de Janeiro,11901.0,2004.0,28.843975706263336,-336.95487220171754,468.20022555425885,131.24535335254131,-102.40137764627798,-355.01824952668363
2024,330280,Mendes,RJ,Rio de Janeiro,Metropolitana do Rio de Janeiro,Vassouras,Volta Redonda - Barra Mansa,Volta Redonda - Barra Mansa,762.0,279.0,370.4514243784047,-135.50203445452507,505.29118599820595,369.7891515436809,0.662272834723808,0.17877454131403658
2024,330285,Mesquita,RJ,Rio de Janeiro,Metropolitana do Rio de Janeiro,Rio de Janeiro,Rio de Janeiro,Rio de Janeiro,4223.0,1396.0,411.9114609601402,240.4939566492858,137.5889056258561,378.0828622751419,33.82859868499827,8.212589813875509
2024,330290,Miguel Pereira,RJ,Rio de Janeiro,Metropolitana do Rio de Janeiro,Vassouras,Valença,Volta Redonda - Barra Mansa,1592.0,294.0,967.8606201073399,108.89230853090066,777.4286820390384,886.3209905699391,81.53962953740074,8.424728503610122
2024,330300,Miracema,RJ,Rio de Janeiro,Noroeste Fluminense,Santo Antônio de Pádua,Santo Antônio de Pádua,Campos dos Goytacazes,1705.0,168.0,1114.7798374528693,-142.0306645324231,1018.4562247424537,876.4255602100307,238.35427724283863,21.38128706987094
2024,330310,Natividade,RJ,Rio de Janeiro,Noroeste Fluminense,Itaperuna,Itaperuna,Campos dos Goytacazes,869.0,138.0,470.34307616617434,-124.933805306051,545.0215383757272,420.08773306967623,50.25534309649811,10.684826809004129
2024,330320,Nilópolis,RJ,Rio de Janeiro,Metropolitana do Rio de Janeiro,Rio de Janeiro,Rio de Janeiro,Rio de Janeiro,3450.0,1161.0,339.7517947871022,137.8531981713627,201.7431130141797,339.5963111855424,0.15548360155980845,0.04576387938060452
2024,330330,Niterói,RJ,Rio de Janeiro,Metropolitana do Rio de Janeiro,Rio de Janeiro,Rio de Janeiro,Rio de Janeiro,61188.0,14507.0,1582.5652478101624,451.8953407827853,1165.6467387929802,1617.5420795757655,-34.97683176560304,-2.2101352101596703
2024,330340,Nova Friburgo,RJ,Rio de Janeiro,Centro Fluminense,Nova Friburgo,Nova Friburgo,Petrópolis,25947.0,3874.0,578.9152354367413,137.60415413926694,427.00587194380387,564.6100260830708,14.305209353670534,2.471036946000997
2024,330350,Nova Iguaçu,RJ,Rio de Janeiro,Metropolitana do Rio de Janeiro,Rio de Janeiro,Rio de Janeiro,Rio de Janeiro,22876.0,7899.0,716.1370014419231,240.8359219737049,472.9275979363356,713.7635199100405,2.3734815318825895,0.33142841762171854
2024,330360,Paracambi,RJ,Rio de Janeiro,Metropolitana do Rio de Janeiro,Vassouras,Rio de Janeiro,Rio de Janeiro,2377.0,366.0,809.6669169592012,512.3003181436206,425.08294238342296,937.3832605270436,-127.71634356784239,-15.773936280797546
2024,330370,Paraíba do Sul,RJ,Rio de Janeiro,Centro Fluminense,Três Rios,Três Rios - Paraíba do Sul,Petrópolis,2354.0,602.0,613.6262118765821,-51.951063405508194,469.543616900025,417.5925534945168,196.03365838206537,31.946754325008097
2024,330380,Paraty,RJ,Rio de Janeiro,Sul Fluminense,Baía da Ilha Grande,Angra dos Reis,Rio de Janeiro,4158.0,656.0,171.59736976325394,94.89837874753266,143.691971361779,238.59035010931166,-66.99298034605772,-39.04079674326318
2024,330385,Paty do Alferes,RJ,Rio de Janeiro,Metropolitana do Rio de Janeiro,Vassouras,Valença,Volta Redonda - Barra Mansa,1303.0,231.0,504.86593535397833,-173.23158828838223,757.3372035565212,584.105615268139,-79.23967991416066,-15.695192399662117
2024,330390,Petrópolis,RJ,Rio de Janeiro,Metropolitana do Rio de Janeiro,Serrana,Petrópolis,Petrópolis,34524.0,5379.0,1031.4116763990592,244.64570275850156,785.3667155375983,1030.0124182961,1.3992581029592657,0.13566436515867836
2024,330395,Pinheiral,RJ,Rio de Janeiro,Sul Fluminense,Vale do Paraíba Fluminense,Volta Redonda - Barra Mansa,Volta Redonda - Barra Mansa,1303.0,482.0,452.36892084337796,124.56590535054829,438.1057982921502,562.6717036426985,-110.30278279932054,-24.38336890909229
2024,330400,Piraí,RJ,Rio de Janeiro,Sul Fluminense,Vale do Paraíba Fluminense,Volta Redonda - Barra Mansa,Volta Redonda - Barra Mansa,3178.0,1070.0,1986.7360653911526,782.0101604287179,1169.710698747836,1951.7208591765539,35.01520621459872,1.7624488136377015
2024,330410,Porciúncula,RJ,Rio de Janeiro,Noroeste Fluminense,Itaperuna,Itaperuna,Campos dos Goytacazes,689.0,134.0,914.6919263262789,-212.3630333663782,945.5602187225641,733.1971853561859,181.49474097009306,19.842171527526116
2024,330411,Porto Real,RJ,Rio de Janeiro,Sul Fluminense,Vale do Paraíba Fluminense,Resende,Volta Redonda - Barra Mansa,3082.0,327.0,2889.8104191844923,330.6131468928256,2265.5788069828645,2596.19195387569,293.6184653088021,10.160475004158286
2024,330412,Quatis,RJ,Rio de Janeiro,Sul Fluminense,Vale do Paraíba Fluminense,Resende,Volta Redonda - Barra Mansa,678.0,223.0,160.80977783509934,-76.77722578655994,401.55226487982327,324.77503909326333,-163.965261258164,-101.96224599371091
2024,330414,Queimados,RJ,Rio de Janeiro,Metropolitana do Rio de Janeiro,Rio de Janeiro,Rio de Janeiro,Rio de Janeiro,4613.0,1220.0,669.8997021816463,84.38027960454065,635.2511345265289,719.6314141310695,-49.73171194942324,-7.423754897556033
2024,330415,Quissamã,RJ,Rio de Janeiro,Norte Fluminense,Macaé,Macaé - Rio das Ostras,Macaé - Rio das Ostras - Cabo Frio,1102.0,101.0,803.6534492641645,-516.0221443946134,1641.51153383889,1125.4893894442766,-321.8359401801122,-40.04660721294599
2024,330420,Resende,RJ,Rio de Janeiro,Sul Fluminense,Vale do Paraíba Fluminense,Resende,Volta Redonda - Barra Mansa,13987.0,3327.0,2007.8561557948883,751.373526704996,1222.864917637773,1974.238444342769,33.61771145211924,1.67430875738259
2024,330430,Rio Bonito,RJ,Rio de Janeiro,Metropolitana do Rio de Janeiro,Macacu-Caceribu,Rio Bonito,Rio de Janeiro,5390.0,948.0,822.8184706402699,191.84963491783992,580.6393179996298,772.4889529174698,50.32951772280012,6.116721916030469
2024,330440,Rio Claro,RJ,Rio de Janeiro,Sul Fluminense,Vale do Paraíba Fluminense,Volta Redonda - Barra Mansa,Volta Redonda - Barra Mansa,949.0,165.0,826.678959159562,-100.99323124999955,758.0254033614938,657.0321721114942,169.64678704806784,20.52148360235734
2024,330450,Rio das Flores,RJ,Rio de Janeiro,Sul Fluminense,Barra do Piraí,Valença,Volta Redonda - Barra Mansa,748.0,379.0,1341.552141048072,339.70424676988523,997.9746502808625,1337.6788970507478,3.8732439973241526,0.28871363839039654
2024,330452,Rio das Ostras,RJ,Rio de Janeiro,Baixadas,Bacia de São João,Macaé - Rio das Ostras,Macaé - Rio das Ostras - Cabo Frio,13384.0,1936.0,3998.250567860724,2243.959701872878,1641.290210111324,3885.2499119842023,113.0006558765217,2.826252481144098
2024,330455,Rio de Janeiro,RJ,Rio de Janeiro,Metropolitana do Rio de Janeiro,Rio de Janeiro,Rio de Janeiro,Rio de Janeiro,699423.0,171413.0,3643.0599952745165,845.9269766846919,2880.7799032230896,3726.7068799077815,-83.64688463326502,-2.296061133820607
2024,330460,Santa Maria Madalena,RJ,Rio de Janeiro,Centro Fluminense,Santa Maria Madalena,Nova Friburgo,Petrópolis,597.0,142.0,545.3617460542146,-397.05994947646514,858.7753264325825,461.7153769561173,83.64636909809724,15.3377771182693
2024,330470,Santo Antônio de Pádua,RJ,Rio de Janeiro,Noroeste Fluminense,Santo Antônio de Pádua,Santo Antônio de Pádua,Campos dos Goytacazes,3743.0,464.0,720.0129188335463,74.6562630745434,573.89919265754,648.5554557320834,71.45746310146296,9.92446957996633
2024,330475,São Francisco de Itabapoana,RJ,Rio de Janeiro,Norte Fluminense,Campos dos Goytacazes,Campos dos Goytacazes,Campos dos Goytacazes,2059.0,118.0,93.99075493287023,-780.5173710030247,729.5382520135956,-50.979118989429026,144.96987392229926,154.2384397548878
2024,330480,São Fidélis,RJ,Rio de Janeiro,Norte Fluminense,Campos dos Goytacazes,Campos dos Goytacazes,Campos dos Goytacazes,2419.0,299.0,274.0896896780089,-172.15182647780284,408.7198491472998,236.56802266949694,37.52166700851194,13.689557988332615
2024,330490,São Gonçalo,RJ,Rio de Janeiro,Metropolitana do Rio de Janeiro,Rio de Janeiro,Rio de Janeiro,Rio de Janeiro,30333.0,6560.0,848.8984398463133,502.78797467829327,377.79302663610406,880.5810013143973,-31.68256146808403,-3.7321969249725475
2024,330500,São João da Barra,RJ,Rio de Janeiro,Norte Fluminense,Campos dos Goytacazes,Campos dos Goytacazes,Campos dos Goytacazes,8957.0,529.0,2070.9367090951037,2285.143183570004,161.17156750284448,2446.3147510728486,-375.37804197774494,-18.126002611724743
2024,330510,São João de Meriti,RJ,Rio de Janeiro,Metropolitana do Rio de Janeiro,Rio de Janeiro,Rio de Janeiro,Rio de Janeiro,12990.0,3930.0,689.3150608630247,331.03603698206734,295.63848289908856,626.6745198811559,62.64054098186875,9.087359980709344
2024,330513,São José de Ubá,RJ,Rio de Janeiro,Noroeste Fluminense,Santo Antônio de Pádua,Itaperuna,Campos dos Goytacazes,323.0,52.0,-83.24698142414854,-234.25571366894792,234.2071000488495,-0.04861362009842196,-83.19836780405012,99.94160314372154
2024,330515,São José do Vale do Rio Preto,RJ,Rio de Janeiro,Metropolitana do Rio de Janeiro,Serrana,Petrópolis,Petrópolis,2577.0,359.0,975.2239164648056,-220.9285671885591,1041.9754104314625,821.0468432429034,154.17707322190222,15.809402396610137
2024,330520,São Pedro da Aldeia,RJ,Rio de Janeiro,Baixadas,Lagos,Cabo Frio,Macaé - Rio das Ostras - Cabo Frio,6656.0,1256.0,471.66826179530517,92.48072102170045,391.407982056759,483.88870307845946,-12.220441283154287,-2.5908975169624027
2024,330530,São Sebastião do Alto,RJ,Rio de Janeiro,Centro Fluminense,Santa Maria Madalena,Nova Friburgo,Petrópolis,654.0,70.0,1222.0238269986894,-4.723193456302397,1237.0760045279676,1232.3528110716652,-10.3289840729758,-0.8452358984148414
2024,330540,Sapucaia,RJ,Rio de Janeiro,Centro Fluminense,Três Rios,Três Rios - Paraíba do Sul,Petrópolis,2042.0,262.0,190.16454725572157,-69.72394833717044,517.8451009650175,448.1211526278471,-257.9566053721255,-135.64915705620004
2024,330550,Saquarema,RJ,Rio de Janeiro,Baixadas,Lagos,Rio de Janeiro,Rio de Janeiro,6250.0,1493.0,344.2374336525122,-140.0716401653831,492.12716957699877,352.0555294116157,-7.818095759103471,-2.2711346863558677
2024,330555,Seropédica,RJ,Rio de Janeiro,Metropolitana do Rio de Janeiro,Itaguaí,Rio de Janeiro,Rio de Janeiro,5962.0,752.0,1870.0529542287318,191.9410978234032,1642.1316070277908,1834.072704851194,35.9802493775378,1.9240230227799713
2024,330560,Silva Jardim,RJ,Rio de Janeiro,Baixadas,Bacia de São João,Rio Bonito,Rio de Janeiro,1868.0,610.0,687.1143592340363,-223.42081248471004,882.097158253908,658.676345769198,28.438013464838377,4.138759885114288
2024,330570,Sumidouro,RJ,Rio de Janeiro,Centro Fluminense,Nova Friburgo,Nova Friburgo,Petrópolis,1165.0,74.0,734.6507499130025,-42.33042733883667,847.4126248012194,805.0821974623827,-70.43144754938021,-9.58706535829722
2024,330575,Tanguá,RJ,Rio de Janeiro,Metropolitana do Rio de Janeiro,Rio de Janeiro,Rio de Janeiro,Rio de Janeiro,1025.0,197.0,602.0602144360532,-28.454093190825915,318.18824690069323,289.7341537098673,312.3260607261859,51.87621657058674
2024,330580,Teresópolis,RJ,Rio de Janeiro,Metropolitana do Rio de Janeiro,Serrana,Petrópolis,Petrópolis,19687.0,2129.0,333.0373573785305,-44.69236797379472,402.88298875517876,358.19062078138404,-25.153263402853554,-7.552685260550016
2024,330590,Trajano de Moraes,RJ,Rio de Janeiro,Centro Fluminense,Santa Maria Madalena,Nova Friburgo,Petrópolis,626.0,47.0,857.4816334715513,-421.69120128907525,1019.2784973430523,597.5872960539771,259.8943374175742,30.309026721118304
2024,330600,Três Rios,RJ,Rio de Janeiro,Centro Fluminense,Três Rios,Três Rios - Paraíba do Sul,Petrópolis,6624.0,2044.0,849.7351673892954,47.31476083917278,741.5520721804073,788.8668330195801,60.868334369715285,7.163212340231322
2024,330610,Valença,RJ,Rio de Janeiro,Sul Fluminense,Barra do Piraí,Valença,Volta Redonda - Barra Mansa,3795.0,1228.0,677.6785844287656,-224.80077076158977,896.3847701021523,671.5839993405625,6.094585088203075,0.899332696685461
2024,330615,Varre-Sai,RJ,Rio de Janeiro,Noroeste Fluminense,Itaperuna,Itaperuna,Campos dos Goytacazes,482.0,44.0,761.9530111278764,-69.25167322772859,940.55648296348,871.3048097357514,-109.35179860787503,-14.351514727398698
2024,330620,Vassouras,RJ,Rio de Janeiro,Metropolitana do Rio de Janeiro,Vassouras,Valença,Volta Redonda - Barra Mansa,2523.0,838.0,989.7651841766956,-320.31948411392295,1294.22301142366,973.903527309737,15.861656866958583,1.602567671659677
2024,330630,Volta Redonda,RJ,Rio de Janeiro,Sul Fluminense,Vale do Paraíba Fluminense,Volta Redonda - Barra Mansa,Volta Redonda - Barra Mansa,23140.0,8003.0,1324.549931626007,622.596432716126,629.2409064623344,1251.8373391784603,72.71259244754674,5.489607504511765
